Locale,File,Type,Title,Description,Canonical,AlternateZh,AlternateEn,JsonLdCount,VisibleGeoAnswer
"zh-CN","关于我们—服务条款子页面.html","marketing","服务条款 | 敏捷智造","","./%E5%85%B3%E4%BA%8E%E6%88%91%E4%BB%AC%E2%80%94%E6%9C%8D%E5%8A%A1%E6%9D%A1%E6%AC%BE%E5%AD%90%E9%A1%B5%E9%9D%A2.html","./%E5%85%B3%E4%BA%8E%E6%88%91%E4%BB%AC%E2%80%94%E6%9C%8D%E5%8A%A1%E6%9D%A1%E6%AC%BE%E5%AD%90%E9%A1%B5%E9%9D%A2.html","./EN/terms-of-service.html","",""
"zh-CN","关于我们—公司介绍子页面.html","marketing","公司介绍 | 敏捷智造","","./%E5%85%B3%E4%BA%8E%E6%88%91%E4%BB%AC%E2%80%94%E5%85%AC%E5%8F%B8%E4%BB%8B%E7%BB%8D%E5%AD%90%E9%A1%B5%E9%9D%A2.html","./%E5%85%B3%E4%BA%8E%E6%88%91%E4%BB%AC%E2%80%94%E5%85%AC%E5%8F%B8%E4%BB%8B%E7%BB%8D%E5%AD%90%E9%A1%B5%E9%9D%A2.html","./EN/about-company.html","",""
"zh-CN","关于我们—关于部分.html","marketing","关于我们 | 敏捷智造","","./%E5%85%B3%E4%BA%8E%E6%88%91%E4%BB%AC%E2%80%94%E5%85%B3%E4%BA%8E%E9%83%A8%E5%88%86.html","./%E5%85%B3%E4%BA%8E%E6%88%91%E4%BB%AC%E2%80%94%E5%85%B3%E4%BA%8E%E9%83%A8%E5%88%86.html","./EN/about.html","",""
"zh-CN","关于我们—隐私政策子页面.html","marketing","隐私政策 | 敏捷智造","","./%E5%85%B3%E4%BA%8E%E6%88%91%E4%BB%AC%E2%80%94%E9%9A%90%E7%A7%81%E6%94%BF%E7%AD%96%E5%AD%90%E9%A1%B5%E9%9D%A2.html","./%E5%85%B3%E4%BA%8E%E6%88%91%E4%BB%AC%E2%80%94%E9%9A%90%E7%A7%81%E6%94%BF%E7%AD%96%E5%AD%90%E9%A1%B5%E9%9D%A2.html","./EN/privacy-policy.html","",""
"zh-CN","关于我们—质量保证子页面.html","marketing","质量保证 | 敏捷智造","","./%E5%85%B3%E4%BA%8E%E6%88%91%E4%BB%AC%E2%80%94%E8%B4%A8%E9%87%8F%E4%BF%9D%E8%AF%81%E5%AD%90%E9%A1%B5%E9%9D%A2.html","./%E5%85%B3%E4%BA%8E%E6%88%91%E4%BB%AC%E2%80%94%E8%B4%A8%E9%87%8F%E4%BF%9D%E8%AF%81%E5%AD%90%E9%A1%B5%E9%9D%A2.html","./EN/about-quality.html","",""
"zh-CN","解决方案中心—2D气泡图标注子页面.html","marketing","2D气泡图标注 | 敏捷智造","","./%E8%A7%A3%E5%86%B3%E6%96%B9%E6%A1%88%E4%B8%AD%E5%BF%83%E2%80%942D%E6%B0%94%E6%B3%A1%E5%9B%BE%E6%A0%87%E6%B3%A8%E5%AD%90%E9%A1%B5%E9%9D%A2.html","./%E8%A7%A3%E5%86%B3%E6%96%B9%E6%A1%88%E4%B8%AD%E5%BF%83%E2%80%942D%E6%B0%94%E6%B3%A1%E5%9B%BE%E6%A0%87%E6%B3%A8%E5%AD%90%E9%A1%B5%E9%9D%A2.html","./EN/solution-bubble-annotation.html","",""
"zh-CN","解决方案中心—3D格式转换子页面.html","marketing","3D格式转换 | 敏捷智造","","./%E8%A7%A3%E5%86%B3%E6%96%B9%E6%A1%88%E4%B8%AD%E5%BF%83%E2%80%943D%E6%A0%BC%E5%BC%8F%E8%BD%AC%E6%8D%A2%E5%AD%90%E9%A1%B5%E9%9D%A2.html","./%E8%A7%A3%E5%86%B3%E6%96%B9%E6%A1%88%E4%B8%AD%E5%BF%83%E2%80%943D%E6%A0%BC%E5%BC%8F%E8%BD%AC%E6%8D%A2%E5%AD%90%E9%A1%B5%E9%9D%A2.html","./EN/solution-format-conversion.html","",""
"zh-CN","解决方案中心—3D转2D工程图子页面.html","marketing","3D转2D工程图 | 敏捷智造","","./%E8%A7%A3%E5%86%B3%E6%96%B9%E6%A1%88%E4%B8%AD%E5%BF%83%E2%80%943D%E8%BD%AC2D%E5%B7%A5%E7%A8%8B%E5%9B%BE%E5%AD%90%E9%A1%B5%E9%9D%A2.html","./%E8%A7%A3%E5%86%B3%E6%96%B9%E6%A1%88%E4%B8%AD%E5%BF%83%E2%80%943D%E8%BD%AC2D%E5%B7%A5%E7%A8%8B%E5%9B%BE%E5%AD%90%E9%A1%B5%E9%9D%A2.html","./EN/solution-3d-to-2d-drawing.html","",""
"zh-CN","解决方案中心—解决方案部分.html","marketing","解决方案中心 | 敏捷智造","","./%E8%A7%A3%E5%86%B3%E6%96%B9%E6%A1%88%E4%B8%AD%E5%BF%83%E2%80%94%E8%A7%A3%E5%86%B3%E6%96%B9%E6%A1%88%E9%83%A8%E5%88%86.html","./%E8%A7%A3%E5%86%B3%E6%96%B9%E6%A1%88%E4%B8%AD%E5%BF%83%E2%80%94%E8%A7%A3%E5%86%B3%E6%96%B9%E6%A1%88%E9%83%A8%E5%88%86.html","./EN/solutions.html","",""
"zh-CN","解决方案中心—快速报价子页面.html","marketing","快速报价 | 敏捷智造","","./%E8%A7%A3%E5%86%B3%E6%96%B9%E6%A1%88%E4%B8%AD%E5%BF%83%E2%80%94%E5%BF%AB%E9%80%9F%E6%8A%A5%E4%BB%B7%E5%AD%90%E9%A1%B5%E9%9D%A2.html","./%E8%A7%A3%E5%86%B3%E6%96%B9%E6%A1%88%E4%B8%AD%E5%BF%83%E2%80%94%E5%BF%AB%E9%80%9F%E6%8A%A5%E4%BB%B7%E5%AD%90%E9%A1%B5%E9%9D%A2.html","./EN/solution-quick-quote.html","",""
"zh-CN","解决方案中心—快速原型子页面.html","marketing","快速原型制造方案 | 敏捷智造","","./%E8%A7%A3%E5%86%B3%E6%96%B9%E6%A1%88%E4%B8%AD%E5%BF%83%E2%80%94%E5%BF%AB%E9%80%9F%E5%8E%9F%E5%9E%8B%E5%AD%90%E9%A1%B5%E9%9D%A2.html","./%E8%A7%A3%E5%86%B3%E6%96%B9%E6%A1%88%E4%B8%AD%E5%BF%83%E2%80%94%E5%BF%AB%E9%80%9F%E5%8E%9F%E5%9E%8B%E5%AD%90%E9%A1%B5%E9%9D%A2.html","./EN/solution-rapid-prototyping.html","",""
"zh-CN","解决方案中心—图生3D模型子页面.html","marketing","图生3D模型 | 敏捷智造","","./%E8%A7%A3%E5%86%B3%E6%96%B9%E6%A1%88%E4%B8%AD%E5%BF%83%E2%80%94%E5%9B%BE%E7%94%9F3D%E6%A8%A1%E5%9E%8B%E5%AD%90%E9%A1%B5%E9%9D%A2.html","./%E8%A7%A3%E5%86%B3%E6%96%B9%E6%A1%88%E4%B8%AD%E5%BF%83%E2%80%94%E5%9B%BE%E7%94%9F3D%E6%A8%A1%E5%9E%8B%E5%AD%90%E9%A1%B5%E9%9D%A2.html","./EN/solution-image-to-3d.html","",""
"zh-CN","解决方案中心—文生3D模型子页面.html","marketing","文生3D模型 | 敏捷智造","","./%E8%A7%A3%E5%86%B3%E6%96%B9%E6%A1%88%E4%B8%AD%E5%BF%83%E2%80%94%E6%96%87%E7%94%9F3D%E6%A8%A1%E5%9E%8B%E5%AD%90%E9%A1%B5%E9%9D%A2.html","./%E8%A7%A3%E5%86%B3%E6%96%B9%E6%A1%88%E4%B8%AD%E5%BF%83%E2%80%94%E6%96%87%E7%94%9F3D%E6%A8%A1%E5%9E%8B%E5%AD%90%E9%A1%B5%E9%9D%A2.html","./EN/solution-text-to-3d.html","",""
"zh-CN","解决方案中心—智能报价子页面.html","marketing","智能报价 | 敏捷智造","","./%E8%A7%A3%E5%86%B3%E6%96%B9%E6%A1%88%E4%B8%AD%E5%BF%83%E2%80%94%E6%99%BA%E8%83%BD%E6%8A%A5%E4%BB%B7%E5%AD%90%E9%A1%B5%E9%9D%A2.html","./%E8%A7%A3%E5%86%B3%E6%96%B9%E6%A1%88%E4%B8%AD%E5%BF%83%E2%80%94%E6%99%BA%E8%83%BD%E6%8A%A5%E4%BB%B7%E5%AD%90%E9%A1%B5%E9%9D%A2.html","./EN/solution-instant-quoting.html","",""
"zh-CN","解决方案中心—DFM可制造性检查子页面.html","marketing","DFM可制造性检查 | 敏捷智造","","./%E8%A7%A3%E5%86%B3%E6%96%B9%E6%A1%88%E4%B8%AD%E5%BF%83%E2%80%94DFM%E5%8F%AF%E5%88%B6%E9%80%A0%E6%80%A7%E6%A3%80%E6%9F%A5%E5%AD%90%E9%A1%B5%E9%9D%A2.html","./%E8%A7%A3%E5%86%B3%E6%96%B9%E6%A1%88%E4%B8%AD%E5%BF%83%E2%80%94DFM%E5%8F%AF%E5%88%B6%E9%80%A0%E6%80%A7%E6%A3%80%E6%9F%A5%E5%AD%90%E9%A1%B5%E9%9D%A2.html","./EN/solution-dfm.html","",""
"zh-CN","能力中心—3D打印服务子页面.html","marketing","3D打印服务 | 敏捷智造","敏捷智造3D打印服务：适合快速验证、复杂结构和小批量增材制造","./%E8%83%BD%E5%8A%9B%E4%B8%AD%E5%BF%83%E2%80%943D%E6%89%93%E5%8D%B0%E6%9C%8D%E5%8A%A1%E5%AD%90%E9%A1%B5%E9%9D%A2.html","./%E8%83%BD%E5%8A%9B%E4%B8%AD%E5%BF%83%E2%80%943D%E6%89%93%E5%8D%B0%E6%9C%8D%E5%8A%A1%E5%AD%90%E9%A1%B5%E9%9D%A2.html","./EN/service-3d-printing.html","1",""
"zh-CN","能力中心—薄板加工子页面.html","marketing","薄板加工 | 敏捷智造","敏捷智造薄板加工：精密切割、折弯与结构件协同制造","./%E8%83%BD%E5%8A%9B%E4%B8%AD%E5%BF%83%E2%80%94%E8%96%84%E6%9D%BF%E5%8A%A0%E5%B7%A5%E5%AD%90%E9%A1%B5%E9%9D%A2.html","./%E8%83%BD%E5%8A%9B%E4%B8%AD%E5%BF%83%E2%80%94%E8%96%84%E6%9D%BF%E5%8A%A0%E5%B7%A5%E5%AD%90%E9%A1%B5%E9%9D%A2.html","./EN/capability-sheet-metal.html","1",""
"zh-CN","能力中心—表面处理部分.html","marketing","表面处理中心 | 敏捷智造","敏捷智造表面处理：围绕外观、防腐、耐磨、导电、标识和清洁稳定性选择合适的后处理方案。","./%E8%83%BD%E5%8A%9B%E4%B8%AD%E5%BF%83%E2%80%94%E8%A1%A8%E9%9D%A2%E5%A4%84%E7%90%86%E9%83%A8%E5%88%86.html","./%E8%83%BD%E5%8A%9B%E4%B8%AD%E5%BF%83%E2%80%94%E8%A1%A8%E9%9D%A2%E5%A4%84%E7%90%86%E9%83%A8%E5%88%86.html","./EN/capabilities-finishes.html","1",""
"zh-CN","能力中心—表面处理部分子页面.html","marketing","阳极氧化表面处理 | 敏捷智造","敏捷智造阳极氧化表面处理页面说明铝合金外观件、结构件和需要耐蚀增强的功能零件在颜色、膜厚、遮蔽和检测方面的制造关注点。","./%E8%83%BD%E5%8A%9B%E4%B8%AD%E5%BF%83%E2%80%94%E8%A1%A8%E9%9D%A2%E5%A4%84%E7%90%86%E9%83%A8%E5%88%86%E5%AD%90%E9%A1%B5%E9%9D%A2.html","./%E8%83%BD%E5%8A%9B%E4%B8%AD%E5%BF%83%E2%80%94%E8%A1%A8%E9%9D%A2%E5%A4%84%E7%90%86%E9%83%A8%E5%88%86%E5%AD%90%E9%A1%B5%E9%9D%A2.html","./EN/capability-surface-finishing.html","1",""
"zh-CN","能力中心—不锈钢材料子页面.html","marketing","不锈钢材料 | 敏捷智造","敏捷智造不锈钢：适用于耐腐蚀、耐清洁和较高结构稳定性的金属零件。","./%E8%83%BD%E5%8A%9B%E4%B8%AD%E5%BF%83%E2%80%94%E4%B8%8D%E9%94%88%E9%92%A2%E6%9D%90%E6%96%99%E5%AD%90%E9%A1%B5%E9%9D%A2.html","./%E8%83%BD%E5%8A%9B%E4%B8%AD%E5%BF%83%E2%80%94%E4%B8%8D%E9%94%88%E9%92%A2%E6%9D%90%E6%96%99%E5%AD%90%E9%A1%B5%E9%9D%A2.html","./EN/material-stainless-steel.html","1",""
"zh-CN","能力中心—材料部分.html","marketing","材料中心 | 敏捷智造","敏捷智造材料：根据零件强度、重量、耐腐蚀、导电导热、绝缘与表面处理需求选择合适材料。","./%E8%83%BD%E5%8A%9B%E4%B8%AD%E5%BF%83%E2%80%94%E6%9D%90%E6%96%99%E9%83%A8%E5%88%86.html","./%E8%83%BD%E5%8A%9B%E4%B8%AD%E5%BF%83%E2%80%94%E6%9D%90%E6%96%99%E9%83%A8%E5%88%86.html","./EN/capabilities-materials.html","1",""
"zh-CN","能力中心—材料部分子页面.html","marketing","铝合金材料 | 敏捷智造","敏捷智造铝合金材料页面用于说明铝合金在重量、强度、可加工性与表面处理适配性方面的制造应用，适合结构件、外观件和散热零件评估。","./%E8%83%BD%E5%8A%9B%E4%B8%AD%E5%BF%83%E2%80%94%E6%9D%90%E6%96%99%E9%83%A8%E5%88%86%E5%AD%90%E9%A1%B5%E9%9D%A2.html","./%E8%83%BD%E5%8A%9B%E4%B8%AD%E5%BF%83%E2%80%94%E6%9D%90%E6%96%99%E9%83%A8%E5%88%86%E5%AD%90%E9%A1%B5%E9%9D%A2.html","./EN/capability-materials.html","1",""
"zh-CN","能力中心—电镀表面处理子页面.html","marketing","电镀表面处理 | 敏捷智造","敏捷智造电镀：适合金属零件的防护、装饰、导电和耐磨功能增强。","./%E8%83%BD%E5%8A%9B%E4%B8%AD%E5%BF%83%E2%80%94%E7%94%B5%E9%95%80%E8%A1%A8%E9%9D%A2%E5%A4%84%E7%90%86%E5%AD%90%E9%A1%B5%E9%9D%A2.html","./%E8%83%BD%E5%8A%9B%E4%B8%AD%E5%BF%83%E2%80%94%E7%94%B5%E9%95%80%E8%A1%A8%E9%9D%A2%E5%A4%84%E7%90%86%E5%AD%90%E9%A1%B5%E9%9D%A2.html","./EN/finish-electroplating.html","1",""
"zh-CN","能力中心—定制加工服务子页面.html","marketing","定制加工服务 | 敏捷智造","敏捷智造定制加工服务：面向多工艺、多零件项目的一站式制造协同","./%E8%83%BD%E5%8A%9B%E4%B8%AD%E5%BF%83%E2%80%94%E5%AE%9A%E5%88%B6%E5%8A%A0%E5%B7%A5%E6%9C%8D%E5%8A%A1%E5%AD%90%E9%A1%B5%E9%9D%A2.html","./%E8%83%BD%E5%8A%9B%E4%B8%AD%E5%BF%83%E2%80%94%E5%AE%9A%E5%88%B6%E5%8A%A0%E5%B7%A5%E6%9C%8D%E5%8A%A1%E5%AD%90%E9%A1%B5%E9%9D%A2.html","./EN/service-custom-manufacturing.html","1",""
"zh-CN","能力中心—钝化处理表面处理子页面.html","marketing","钝化处理表面处理 | 敏捷智造","敏捷智造钝化处理：适合不锈钢零件在清洁、潮湿或轻腐蚀环境下的表面稳定处理。","./%E8%83%BD%E5%8A%9B%E4%B8%AD%E5%BF%83%E2%80%94%E9%92%9D%E5%8C%96%E5%A4%84%E7%90%86%E8%A1%A8%E9%9D%A2%E5%A4%84%E7%90%86%E5%AD%90%E9%A1%B5%E9%9D%A2.html","./%E8%83%BD%E5%8A%9B%E4%B8%AD%E5%BF%83%E2%80%94%E9%92%9D%E5%8C%96%E5%A4%84%E7%90%86%E8%A1%A8%E9%9D%A2%E5%A4%84%E7%90%86%E5%AD%90%E9%A1%B5%E9%9D%A2.html","./EN/finish-passivation.html","1",""
"zh-CN","能力中心—发黑处理表面处理子页面.html","marketing","发黑处理表面处理 | 敏捷智造","敏捷智造发黑处理：适合钢件的低膜厚深色外观和基础防锈处理。","./%E8%83%BD%E5%8A%9B%E4%B8%AD%E5%BF%83%E2%80%94%E5%8F%91%E9%BB%91%E5%A4%84%E7%90%86%E8%A1%A8%E9%9D%A2%E5%A4%84%E7%90%86%E5%AD%90%E9%A1%B5%E9%9D%A2.html","./%E8%83%BD%E5%8A%9B%E4%B8%AD%E5%BF%83%E2%80%94%E5%8F%91%E9%BB%91%E5%A4%84%E7%90%86%E8%A1%A8%E9%9D%A2%E5%A4%84%E7%90%86%E5%AD%90%E9%A1%B5%E9%9D%A2.html","./EN/finish-black-oxide.html","1",""
"zh-CN","能力中心—粉末喷涂表面处理子页面.html","marketing","粉末喷涂表面处理 | 敏捷智造","敏捷智造粉末喷涂：适合批量钣金件和外观结构件的耐久涂装方案。","./%E8%83%BD%E5%8A%9B%E4%B8%AD%E5%BF%83%E2%80%94%E7%B2%89%E6%9C%AB%E5%96%B7%E6%B6%82%E8%A1%A8%E9%9D%A2%E5%A4%84%E7%90%86%E5%AD%90%E9%A1%B5%E9%9D%A2.html","./%E8%83%BD%E5%8A%9B%E4%B8%AD%E5%BF%83%E2%80%94%E7%B2%89%E6%9C%AB%E5%96%B7%E6%B6%82%E8%A1%A8%E9%9D%A2%E5%A4%84%E7%90%86%E5%AD%90%E9%A1%B5%E9%9D%A2.html","./EN/finish-powder-coating.html","1",""
"zh-CN","能力中心—服务部分.html","marketing","服务 | 敏捷智造","敏捷智造服务：围绕原型、小批量和多工艺项目，协同完成工艺评估、生产执行、质量文件和交付跟踪。","./%E8%83%BD%E5%8A%9B%E4%B8%AD%E5%BF%83%E2%80%94%E6%9C%8D%E5%8A%A1%E9%83%A8%E5%88%86.html","./%E8%83%BD%E5%8A%9B%E4%B8%AD%E5%BF%83%E2%80%94%E6%9C%8D%E5%8A%A1%E9%83%A8%E5%88%86.html","./EN/capabilities-services.html","1",""
"zh-CN","能力中心—复合材料材料子页面.html","marketing","复合材料材料 | 敏捷智造","敏捷智造复合材料：按层合方向、树脂体系和加工边界选择的非均质材料。","./%E8%83%BD%E5%8A%9B%E4%B8%AD%E5%BF%83%E2%80%94%E5%A4%8D%E5%90%88%E6%9D%90%E6%96%99%E6%9D%90%E6%96%99%E5%AD%90%E9%A1%B5%E9%9D%A2.html","./%E8%83%BD%E5%8A%9B%E4%B8%AD%E5%BF%83%E2%80%94%E5%A4%8D%E5%90%88%E6%9D%90%E6%96%99%E6%9D%90%E6%96%99%E5%AD%90%E9%A1%B5%E9%9D%A2.html","./EN/material-composites.html","1",""
"zh-CN","能力中心—工程塑料材料子页面.html","marketing","工程塑料材料 | 敏捷智造","敏捷智造工程塑料：用于轻量化、绝缘、低摩擦、耐化学或外观样件的非金属材料。","./%E8%83%BD%E5%8A%9B%E4%B8%AD%E5%BF%83%E2%80%94%E5%B7%A5%E7%A8%8B%E5%A1%91%E6%96%99%E6%9D%90%E6%96%99%E5%AD%90%E9%A1%B5%E9%9D%A2.html","./%E8%83%BD%E5%8A%9B%E4%B8%AD%E5%BF%83%E2%80%94%E5%B7%A5%E7%A8%8B%E5%A1%91%E6%96%99%E6%9D%90%E6%96%99%E5%AD%90%E9%A1%B5%E9%9D%A2.html","./EN/material-engineering-plastics.html","1",""
"zh-CN","能力中心—工艺部分.html","marketing","工艺 | 多种先进加工工艺 | 敏捷智造","敏捷智造工艺能力覆盖 CNC 加工、钣金、水刀、激光切割、注塑、聚氨酯铸造、金属3D打印和微纳3D打印，支持从原型到小批量制造。","./%E8%83%BD%E5%8A%9B%E4%B8%AD%E5%BF%83%E2%80%94%E5%B7%A5%E8%89%BA%E9%83%A8%E5%88%86.html","./%E8%83%BD%E5%8A%9B%E4%B8%AD%E5%BF%83%E2%80%94%E5%B7%A5%E8%89%BA%E9%83%A8%E5%88%86.html","./EN/capabilities-processes.html","1",""
"zh-CN","能力中心—工艺部分子页面.html","marketing","数控加工 | 敏捷智造","敏捷智造数控加工：多轴铣削、车削与复杂结构加工","./%E8%83%BD%E5%8A%9B%E4%B8%AD%E5%BF%83%E2%80%94%E5%B7%A5%E8%89%BA%E9%83%A8%E5%88%86%E5%AD%90%E9%A1%B5%E9%9D%A2.html","./%E8%83%BD%E5%8A%9B%E4%B8%AD%E5%BF%83%E2%80%94%E5%B7%A5%E8%89%BA%E9%83%A8%E5%88%86%E5%AD%90%E9%A1%B5%E9%9D%A2.html","./EN/capability-cnc-machining.html","1",""
"zh-CN","能力中心—激光打标表面处理子页面.html","marketing","激光打标表面处理 | 敏捷智造","敏捷智造激光打标：适合需要标识、追溯、装配方向或品牌信息的零件。","./%E8%83%BD%E5%8A%9B%E4%B8%AD%E5%BF%83%E2%80%94%E6%BF%80%E5%85%89%E6%89%93%E6%A0%87%E8%A1%A8%E9%9D%A2%E5%A4%84%E7%90%86%E5%AD%90%E9%A1%B5%E9%9D%A2.html","./%E8%83%BD%E5%8A%9B%E4%B8%AD%E5%BF%83%E2%80%94%E6%BF%80%E5%85%89%E6%89%93%E6%A0%87%E8%A1%A8%E9%9D%A2%E5%A4%84%E7%90%86%E5%AD%90%E9%A1%B5%E9%9D%A2.html","./EN/finish-laser-marking.html","1",""
"zh-CN","能力中心—激光切割子页面.html","marketing","激光切割 | 敏捷智造","敏捷智造激光切割：高速高精度板材轮廓加工","./%E8%83%BD%E5%8A%9B%E4%B8%AD%E5%BF%83%E2%80%94%E6%BF%80%E5%85%89%E5%88%87%E5%89%B2%E5%AD%90%E9%A1%B5%E9%9D%A2.html","./%E8%83%BD%E5%8A%9B%E4%B8%AD%E5%BF%83%E2%80%94%E6%BF%80%E5%85%89%E5%88%87%E5%89%B2%E5%AD%90%E9%A1%B5%E9%9D%A2.html","./EN/capability-laser-cutting.html","1",""
"zh-CN","能力中心—金属3D打印子页面.html","marketing","金属3D打印 | 敏捷智造","敏捷智造金属3D打印：复杂金属结构快速增材成型","./%E8%83%BD%E5%8A%9B%E4%B8%AD%E5%BF%83%E2%80%94%E9%87%91%E5%B1%9E3D%E6%89%93%E5%8D%B0%E5%AD%90%E9%A1%B5%E9%9D%A2.html","./%E8%83%BD%E5%8A%9B%E4%B8%AD%E5%BF%83%E2%80%94%E9%87%91%E5%B1%9E3D%E6%89%93%E5%8D%B0%E5%AD%90%E9%A1%B5%E9%9D%A2.html","./EN/capability-metal-3d-printing.html","1",""
"zh-CN","能力中心—金属冲压服务子页面.html","marketing","金属冲压服务 | 敏捷智造","敏捷智造金属冲压服务：适合薄板件批量成形的金属冲压服务","./%E8%83%BD%E5%8A%9B%E4%B8%AD%E5%BF%83%E2%80%94%E9%87%91%E5%B1%9E%E5%86%B2%E5%8E%8B%E6%9C%8D%E5%8A%A1%E5%AD%90%E9%A1%B5%E9%9D%A2.html","./%E8%83%BD%E5%8A%9B%E4%B8%AD%E5%BF%83%E2%80%94%E9%87%91%E5%B1%9E%E5%86%B2%E5%8E%8B%E6%9C%8D%E5%8A%A1%E5%AD%90%E9%A1%B5%E9%9D%A2.html","./EN/service-metal-stamping.html","1",""
"zh-CN","能力中心—金属锻造服务子页面.html","marketing","金属锻造服务 | 敏捷智造","敏捷智造金属锻造服务：面向承力件和高强度零件的锻造服务","./%E8%83%BD%E5%8A%9B%E4%B8%AD%E5%BF%83%E2%80%94%E9%87%91%E5%B1%9E%E9%94%BB%E9%80%A0%E6%9C%8D%E5%8A%A1%E5%AD%90%E9%A1%B5%E9%9D%A2.html","./%E8%83%BD%E5%8A%9B%E4%B8%AD%E5%BF%83%E2%80%94%E9%87%91%E5%B1%9E%E9%94%BB%E9%80%A0%E6%9C%8D%E5%8A%A1%E5%AD%90%E9%A1%B5%E9%9D%A2.html","./EN/service-metal-forging.html","1",""
"zh-CN","能力中心—金属铸造服务子页面.html","marketing","金属铸造服务 | 敏捷智造","敏捷智造金属铸造服务：适合复杂金属毛坯和批量结构件的铸造服务","./%E8%83%BD%E5%8A%9B%E4%B8%AD%E5%BF%83%E2%80%94%E9%87%91%E5%B1%9E%E9%93%B8%E9%80%A0%E6%9C%8D%E5%8A%A1%E5%AD%90%E9%A1%B5%E9%9D%A2.html","./%E8%83%BD%E5%8A%9B%E4%B8%AD%E5%BF%83%E2%80%94%E9%87%91%E5%B1%9E%E9%93%B8%E9%80%A0%E6%9C%8D%E5%8A%A1%E5%AD%90%E9%A1%B5%E9%9D%A2.html","./EN/service-metal-casting.html","1",""
"zh-CN","能力中心—聚氨酯铸造子页面.html","marketing","聚氨酯铸造 | 敏捷智造","敏捷智造聚氨酯铸造：小批量弹性体与复模件制造","./%E8%83%BD%E5%8A%9B%E4%B8%AD%E5%BF%83%E2%80%94%E8%81%9A%E6%B0%A8%E9%85%AF%E9%93%B8%E9%80%A0%E5%AD%90%E9%A1%B5%E9%9D%A2.html","./%E8%83%BD%E5%8A%9B%E4%B8%AD%E5%BF%83%E2%80%94%E8%81%9A%E6%B0%A8%E9%85%AF%E9%93%B8%E9%80%A0%E5%AD%90%E9%A1%B5%E9%9D%A2.html","./EN/capability-urethane-casting.html","1",""
"zh-CN","能力中心—快速手板模型服务子页面.html","marketing","快速手板模型服务 | 敏捷智造","敏捷智造快速手板模型服务：帮助设计尽快从模型进入实物验证","./%E8%83%BD%E5%8A%9B%E4%B8%AD%E5%BF%83%E2%80%94%E5%BF%AB%E9%80%9F%E6%89%8B%E6%9D%BF%E6%A8%A1%E5%9E%8B%E6%9C%8D%E5%8A%A1%E5%AD%90%E9%A1%B5%E9%9D%A2.html","./%E8%83%BD%E5%8A%9B%E4%B8%AD%E5%BF%83%E2%80%94%E5%BF%AB%E9%80%9F%E6%89%8B%E6%9D%BF%E6%A8%A1%E5%9E%8B%E6%9C%8D%E5%8A%A1%E5%AD%90%E9%A1%B5%E9%9D%A2.html","./EN/service-rapid-prototypes.html","1",""
"zh-CN","能力中心—铝合金材料子页面.html","marketing","铝合金材料 | 敏捷智造","敏捷智造铝合金：兼顾重量、强度、可加工性与表面处理适配性的常用金属材料。","./%E8%83%BD%E5%8A%9B%E4%B8%AD%E5%BF%83%E2%80%94%E9%93%9D%E5%90%88%E9%87%91%E6%9D%90%E6%96%99%E5%AD%90%E9%A1%B5%E9%9D%A2.html","./%E8%83%BD%E5%8A%9B%E4%B8%AD%E5%BF%83%E2%80%94%E9%93%9D%E5%90%88%E9%87%91%E6%9D%90%E6%96%99%E5%AD%90%E9%A1%B5%E9%9D%A2.html","./EN/material-aluminum-alloys.html","1",""
"zh-CN","能力中心—模具成型服务子页面.html","marketing","模具成型服务 | 敏捷智造","敏捷智造模具成型服务：从 DFM、开模试模到批量塑胶件交付","./%E8%83%BD%E5%8A%9B%E4%B8%AD%E5%BF%83%E2%80%94%E6%A8%A1%E5%85%B7%E6%88%90%E5%9E%8B%E6%9C%8D%E5%8A%A1%E5%AD%90%E9%A1%B5%E9%9D%A2.html","./%E8%83%BD%E5%8A%9B%E4%B8%AD%E5%BF%83%E2%80%94%E6%A8%A1%E5%85%B7%E6%88%90%E5%9E%8B%E6%9C%8D%E5%8A%A1%E5%AD%90%E9%A1%B5%E9%9D%A2.html","./EN/service-molding.html","1",""
"zh-CN","能力中心—能力中心部分.html","marketing","能力中心 | 工艺、服务、材料与表面处理 | 敏捷智造","敏捷智造能力中心汇总制造工艺、加工服务、材料选择与表面处理方案，帮助用户按零件结构、性能要求、交付阶段和质量关注点快速进入对应能力页面。","./%E8%83%BD%E5%8A%9B%E4%B8%AD%E5%BF%83%E2%80%94%E8%83%BD%E5%8A%9B%E4%B8%AD%E5%BF%83%E9%83%A8%E5%88%86.html","./%E8%83%BD%E5%8A%9B%E4%B8%AD%E5%BF%83%E2%80%94%E8%83%BD%E5%8A%9B%E4%B8%AD%E5%BF%83%E9%83%A8%E5%88%86.html","./EN/capabilities.html","1",""
"zh-CN","能力中心—抛光表面处理子页面.html","marketing","抛光表面处理 | 敏捷智造","敏捷智造抛光：适合对表面光洁度、触感或密封配合有要求的零件。","./%E8%83%BD%E5%8A%9B%E4%B8%AD%E5%BF%83%E2%80%94%E6%8A%9B%E5%85%89%E8%A1%A8%E9%9D%A2%E5%A4%84%E7%90%86%E5%AD%90%E9%A1%B5%E9%9D%A2.html","./%E8%83%BD%E5%8A%9B%E4%B8%AD%E5%BF%83%E2%80%94%E6%8A%9B%E5%85%89%E8%A1%A8%E9%9D%A2%E5%A4%84%E7%90%86%E5%AD%90%E9%A1%B5%E9%9D%A2.html","./EN/finish-polishing.html","1",""
"zh-CN","能力中心—喷涂表面处理子页面.html","marketing","喷涂表面处理 | 敏捷智造","敏捷智造喷涂：适用于对外观颜色、质感和局部保护有要求的零件。","./%E8%83%BD%E5%8A%9B%E4%B8%AD%E5%BF%83%E2%80%94%E5%96%B7%E6%B6%82%E8%A1%A8%E9%9D%A2%E5%A4%84%E7%90%86%E5%AD%90%E9%A1%B5%E9%9D%A2.html","./%E8%83%BD%E5%8A%9B%E4%B8%AD%E5%BF%83%E2%80%94%E5%96%B7%E6%B6%82%E8%A1%A8%E9%9D%A2%E5%A4%84%E7%90%86%E5%AD%90%E9%A1%B5%E9%9D%A2.html","./EN/finish-painting.html","1",""
"zh-CN","能力中心—热处理表面处理子页面.html","marketing","热处理表面处理 | 敏捷智造","敏捷智造热处理：适用于承载、耐磨、传动和尺寸稳定性要求明确的金属零件。","./%E8%83%BD%E5%8A%9B%E4%B8%AD%E5%BF%83%E2%80%94%E7%83%AD%E5%A4%84%E7%90%86%E8%A1%A8%E9%9D%A2%E5%A4%84%E7%90%86%E5%AD%90%E9%A1%B5%E9%9D%A2.html","./%E8%83%BD%E5%8A%9B%E4%B8%AD%E5%BF%83%E2%80%94%E7%83%AD%E5%A4%84%E7%90%86%E8%A1%A8%E9%9D%A2%E5%A4%84%E7%90%86%E5%AD%90%E9%A1%B5%E9%9D%A2.html","./EN/finish-heat-treatment.html","1",""
"zh-CN","能力中心—水刀切割子页面.html","marketing","水刀切割 | 敏捷智造","敏捷智造水刀切割：低热影响的高适应性冷态切割","./%E8%83%BD%E5%8A%9B%E4%B8%AD%E5%BF%83%E2%80%94%E6%B0%B4%E5%88%80%E5%88%87%E5%89%B2%E5%AD%90%E9%A1%B5%E9%9D%A2.html","./%E8%83%BD%E5%8A%9B%E4%B8%AD%E5%BF%83%E2%80%94%E6%B0%B4%E5%88%80%E5%88%87%E5%89%B2%E5%AD%90%E9%A1%B5%E9%9D%A2.html","./EN/capability-waterjet-cutting.html","1",""
"zh-CN","能力中心—钛合金材料子页面.html","marketing","钛合金材料 | 敏捷智造","敏捷智造钛合金：适合需要高比强度、耐腐蚀和生物相容性评估的精密零件。","./%E8%83%BD%E5%8A%9B%E4%B8%AD%E5%BF%83%E2%80%94%E9%92%9B%E5%90%88%E9%87%91%E6%9D%90%E6%96%99%E5%AD%90%E9%A1%B5%E9%9D%A2.html","./%E8%83%BD%E5%8A%9B%E4%B8%AD%E5%BF%83%E2%80%94%E9%92%9B%E5%90%88%E9%87%91%E6%9D%90%E6%96%99%E5%AD%90%E9%A1%B5%E9%9D%A2.html","./EN/material-titanium-alloys.html","1",""
"zh-CN","能力中心—碳钢材料子页面.html","marketing","碳钢材料 | 敏捷智造","敏捷智造碳钢：适合关注强度、刚性、成本和后续热处理的机械结构材料。","./%E8%83%BD%E5%8A%9B%E4%B8%AD%E5%BF%83%E2%80%94%E7%A2%B3%E9%92%A2%E6%9D%90%E6%96%99%E5%AD%90%E9%A1%B5%E9%9D%A2.html","./%E8%83%BD%E5%8A%9B%E4%B8%AD%E5%BF%83%E2%80%94%E7%A2%B3%E9%92%A2%E6%9D%90%E6%96%99%E5%AD%90%E9%A1%B5%E9%9D%A2.html","./EN/material-carbon-steel.html","1",""
"zh-CN","能力中心—铜合金材料子页面.html","marketing","铜合金材料 | 敏捷智造","敏捷智造铜合金：适合需要导电、导热、耐磨或特殊摩擦配合的零件。","./%E8%83%BD%E5%8A%9B%E4%B8%AD%E5%BF%83%E2%80%94%E9%93%9C%E5%90%88%E9%87%91%E6%9D%90%E6%96%99%E5%AD%90%E9%A1%B5%E9%9D%A2.html","./%E8%83%BD%E5%8A%9B%E4%B8%AD%E5%BF%83%E2%80%94%E9%93%9C%E5%90%88%E9%87%91%E6%9D%90%E6%96%99%E5%AD%90%E9%A1%B5%E9%9D%A2.html","./EN/material-copper-alloys.html","1",""
"zh-CN","能力中心—微纳3D打印子页面.html","marketing","微纳3D打印 | 敏捷智造","敏捷智造微纳3D打印：微细结构与高分辨率增材制造","./%E8%83%BD%E5%8A%9B%E4%B8%AD%E5%BF%83%E2%80%94%E5%BE%AE%E7%BA%B33D%E6%89%93%E5%8D%B0%E5%AD%90%E9%A1%B5%E9%9D%A2.html","./%E8%83%BD%E5%8A%9B%E4%B8%AD%E5%BF%83%E2%80%94%E5%BE%AE%E7%BA%B33D%E6%89%93%E5%8D%B0%E5%AD%90%E9%A1%B5%E9%9D%A2.html","./EN/capability-micro-3d-printing.html","1",""
"zh-CN","能力中心—阳极氧化表面处理子页面.html","marketing","阳极氧化表面处理 | 敏捷智造","敏捷智造阳极氧化：适用于铝合金外观件、结构件和需要耐蚀增强的功能零件。","./%E8%83%BD%E5%8A%9B%E4%B8%AD%E5%BF%83%E2%80%94%E9%98%B3%E6%9E%81%E6%B0%A7%E5%8C%96%E8%A1%A8%E9%9D%A2%E5%A4%84%E7%90%86%E5%AD%90%E9%A1%B5%E9%9D%A2.html","./%E8%83%BD%E5%8A%9B%E4%B8%AD%E5%BF%83%E2%80%94%E9%98%B3%E6%9E%81%E6%B0%A7%E5%8C%96%E8%A1%A8%E9%9D%A2%E5%A4%84%E7%90%86%E5%AD%90%E9%A1%B5%E9%9D%A2.html","./EN/finish-anodizing.html","1",""
"zh-CN","能力中心—医疗零件加工子页面.html","marketing","医疗零件加工 | 敏捷智造","敏捷智造医疗零件加工：高洁净度医疗精密零件制造","./%E8%83%BD%E5%8A%9B%E4%B8%AD%E5%BF%83%E2%80%94%E5%8C%BB%E7%96%97%E9%9B%B6%E4%BB%B6%E5%8A%A0%E5%B7%A5%E5%AD%90%E9%A1%B5%E9%9D%A2.html","./%E8%83%BD%E5%8A%9B%E4%B8%AD%E5%BF%83%E2%80%94%E5%8C%BB%E7%96%97%E9%9B%B6%E4%BB%B6%E5%8A%A0%E5%B7%A5%E5%AD%90%E9%A1%B5%E9%9D%A2.html","./EN/capability-medical-parts.html","1",""
"zh-CN","能力中心—异形零件加工子页面.html","marketing","异形零件加工 | 敏捷智造","敏捷智造异形零件加工：面向复杂曲面与异形结构的复合加工","./%E8%83%BD%E5%8A%9B%E4%B8%AD%E5%BF%83%E2%80%94%E5%BC%82%E5%BD%A2%E9%9B%B6%E4%BB%B6%E5%8A%A0%E5%B7%A5%E5%AD%90%E9%A1%B5%E9%9D%A2.html","./%E8%83%BD%E5%8A%9B%E4%B8%AD%E5%BF%83%E2%80%94%E5%BC%82%E5%BD%A2%E9%9B%B6%E4%BB%B6%E5%8A%A0%E5%B7%A5%E5%AD%90%E9%A1%B5%E9%9D%A2.html","./EN/capability-complex-parts.html","1",""
"zh-CN","能力中心—注塑成型子页面.html","marketing","注塑成型 | 敏捷智造","敏捷智造注塑成型：复杂塑胶零件快速稳定成型","./%E8%83%BD%E5%8A%9B%E4%B8%AD%E5%BF%83%E2%80%94%E6%B3%A8%E5%A1%91%E6%88%90%E5%9E%8B%E5%AD%90%E9%A1%B5%E9%9D%A2.html","./%E8%83%BD%E5%8A%9B%E4%B8%AD%E5%BF%83%E2%80%94%E6%B3%A8%E5%A1%91%E6%88%90%E5%9E%8B%E5%AD%90%E9%A1%B5%E9%9D%A2.html","./EN/capability-injection-molding.html","1",""
"zh-CN","能力中心—CNC加工服务子页面.html","marketing","CNC加工服务 | 敏捷智造","敏捷智造CNC加工服务：面向原型、小批量和功能件的精密加工服务","./%E8%83%BD%E5%8A%9B%E4%B8%AD%E5%BF%83%E2%80%94CNC%E5%8A%A0%E5%B7%A5%E6%9C%8D%E5%8A%A1%E5%AD%90%E9%A1%B5%E9%9D%A2.html","./%E8%83%BD%E5%8A%9B%E4%B8%AD%E5%BF%83%E2%80%94CNC%E5%8A%A0%E5%B7%A5%E6%9C%8D%E5%8A%A1%E5%AD%90%E9%A1%B5%E9%9D%A2.html","./EN/service-cnc-machining.html","1",""
"zh-CN","行业案例—半导体洁净包装精密备件.html","industry-case","洁净包装精密备件 | 敏捷智造","洁净包装精密备件案例，面向半导体行业，关注备件替换 / 精密尺寸 / 洁净包装，制造能力包括CNC、倒角去毛刺、清洁包装、尺寸记录。","./%E8%A1%8C%E4%B8%9A%E6%A1%88%E4%BE%8B%E2%80%94%E5%8D%8A%E5%AF%BC%E4%BD%93%E6%B4%81%E5%87%80%E5%8C%85%E8%A3%85%E7%B2%BE%E5%AF%86%E5%A4%87%E4%BB%B6.html","./%E8%A1%8C%E4%B8%9A%E6%A1%88%E4%BE%8B%E2%80%94%E5%8D%8A%E5%AF%BC%E4%BD%93%E6%B4%81%E5%87%80%E5%8C%85%E8%A3%85%E7%B2%BE%E5%AF%86%E5%A4%87%E4%BB%B6.html","./EN/case-semiconductor-clean-packaging-precision-spares.html","1",""
"zh-CN","行业案例—半导体设备定位夹具小批量加工.html","industry-case","设备定位夹具小批量加工 | 敏捷智造","设备定位夹具小批量加工案例，面向半导体行业，关注基准定位 / 检测治具 / 备件加工，制造能力包括精密CNC、洁净包装、平面度检测、批次追溯。","./%E8%A1%8C%E4%B8%9A%E6%A1%88%E4%BE%8B%E2%80%94%E5%8D%8A%E5%AF%BC%E4%BD%93%E8%AE%BE%E5%A4%87%E5%AE%9A%E4%BD%8D%E5%A4%B9%E5%85%B7%E5%B0%8F%E6%89%B9%E9%87%8F%E5%8A%A0%E5%B7%A5.html","./%E8%A1%8C%E4%B8%9A%E6%A1%88%E4%BE%8B%E2%80%94%E5%8D%8A%E5%AF%BC%E4%BD%93%E8%AE%BE%E5%A4%87%E5%AE%9A%E4%BD%8D%E5%A4%B9%E5%85%B7%E5%B0%8F%E6%89%B9%E9%87%8F%E5%8A%A0%E5%B7%A5.html","./EN/case-semiconductor-equipment-positioning-fixture-low-volume.html","1",""
"zh-CN","行业案例—半导体设备腔体周边结构件.html","industry-case","设备腔体周边结构件 | 敏捷智造","设备腔体周边结构件案例，面向半导体行业，关注设备结构 / 密封面 / 安装接口，制造能力包括不锈钢加工、铝合金加工、抛光、CMM检测。","./%E8%A1%8C%E4%B8%9A%E6%A1%88%E4%BE%8B%E2%80%94%E5%8D%8A%E5%AF%BC%E4%BD%93%E8%AE%BE%E5%A4%87%E8%85%94%E4%BD%93%E5%91%A8%E8%BE%B9%E7%BB%93%E6%9E%84%E4%BB%B6.html","./%E8%A1%8C%E4%B8%9A%E6%A1%88%E4%BE%8B%E2%80%94%E5%8D%8A%E5%AF%BC%E4%BD%93%E8%AE%BE%E5%A4%87%E8%85%94%E4%BD%93%E5%91%A8%E8%BE%B9%E7%BB%93%E6%9E%84%E4%BB%B6.html","./EN/case-semiconductor-equipment-chamber-structural-parts.html","1",""
"zh-CN","行业案例—电子便携设备内部支架试制.html","industry-case","便携设备内部支架试制 | 敏捷智造","便携设备内部支架试制案例，面向电子行业，关注内部支撑 / 扣位装配 / 多版本迭代，制造能力包括CNC、3D打印、喷涂、装配反馈。","./%E8%A1%8C%E4%B8%9A%E6%A1%88%E4%BE%8B%E2%80%94%E7%94%B5%E5%AD%90%E4%BE%BF%E6%90%BA%E8%AE%BE%E5%A4%87%E5%86%85%E9%83%A8%E6%94%AF%E6%9E%B6%E8%AF%95%E5%88%B6.html","./%E8%A1%8C%E4%B8%9A%E6%A1%88%E4%BE%8B%E2%80%94%E7%94%B5%E5%AD%90%E4%BE%BF%E6%90%BA%E8%AE%BE%E5%A4%87%E5%86%85%E9%83%A8%E6%94%AF%E6%9E%B6%E8%AF%95%E5%88%B6.html","./EN/case-electronics-portable-device-internal-bracket.html","1",""
"zh-CN","行业案例—电子铝合金外壳与散热结构.html","industry-case","铝合金外壳与散热结构 | 敏捷智造","铝合金外壳与散热结构案例，面向电子行业，关注散热 / 接口 / 外观样机，制造能力包括CNC加工、喷砂阳极、接口孔检测、外观处理。","./%E8%A1%8C%E4%B8%9A%E6%A1%88%E4%BE%8B%E2%80%94%E7%94%B5%E5%AD%90%E9%93%9D%E5%90%88%E9%87%91%E5%A4%96%E5%A3%B3%E4%B8%8E%E6%95%A3%E7%83%AD%E7%BB%93%E6%9E%84.html","./%E8%A1%8C%E4%B8%9A%E6%A1%88%E4%BE%8B%E2%80%94%E7%94%B5%E5%AD%90%E9%93%9D%E5%90%88%E9%87%91%E5%A4%96%E5%A3%B3%E4%B8%8E%E6%95%A3%E7%83%AD%E7%BB%93%E6%9E%84.html","./EN/case-electronics-aluminum-housing-thermal-structure.html","1",""
"zh-CN","行业案例—电子铜合金连接件小批加工.html","industry-case","铜合金连接件小批加工 | 敏捷智造","铜合金连接件小批加工案例，面向电子行业，关注导电连接 / 接口固定 / 小批验证，制造能力包括铜合金加工、电镀、关键尺寸检测。","./%E8%A1%8C%E4%B8%9A%E6%A1%88%E4%BE%8B%E2%80%94%E7%94%B5%E5%AD%90%E9%93%9C%E5%90%88%E9%87%91%E8%BF%9E%E6%8E%A5%E4%BB%B6%E5%B0%8F%E6%89%B9%E5%8A%A0%E5%B7%A5.html","./%E8%A1%8C%E4%B8%9A%E6%A1%88%E4%BE%8B%E2%80%94%E7%94%B5%E5%AD%90%E9%93%9C%E5%90%88%E9%87%91%E8%BF%9E%E6%8E%A5%E4%BB%B6%E5%B0%8F%E6%89%B9%E5%8A%A0%E5%B7%A5.html","./EN/case-electronics-copper-alloy-connector-low-volume.html","1",""
"zh-CN","行业案例—航天轻量化支架与复杂腔体.html","industry-case","轻量化支架与复杂腔体加工 | 敏捷智造","轻量化支架与复杂腔体加工案例，面向航天行业，关注承力结构 / 薄壁腔体 / 高强连接，制造能力包括五轴加工、铝/钛合金加工、CMM检测、首件资料。","./%E8%A1%8C%E4%B8%9A%E6%A1%88%E4%BE%8B%E2%80%94%E8%88%AA%E5%A4%A9%E8%BD%BB%E9%87%8F%E5%8C%96%E6%94%AF%E6%9E%B6%E4%B8%8E%E5%A4%8D%E6%9D%82%E8%85%94%E4%BD%93.html","./%E8%A1%8C%E4%B8%9A%E6%A1%88%E4%BE%8B%E2%80%94%E8%88%AA%E5%A4%A9%E8%BD%BB%E9%87%8F%E5%8C%96%E6%94%AF%E6%9E%B6%E4%B8%8E%E5%A4%8D%E6%9D%82%E8%85%94%E4%BD%93.html","./EN/case-aerospace-lightweight-bracket-complex-cavity.html","1",""
"zh-CN","行业案例—航天钛合金连接件首件验证.html","industry-case","钛合金连接件首件验证 | 敏捷智造","钛合金连接件首件验证案例，面向航天行业，关注高强连接 / 关键孔位 / 批次追溯，制造能力包括钛合金加工、热处理配合、CMM复核、FAI资料。","./%E8%A1%8C%E4%B8%9A%E6%A1%88%E4%BE%8B%E2%80%94%E8%88%AA%E5%A4%A9%E9%92%9B%E5%90%88%E9%87%91%E8%BF%9E%E6%8E%A5%E4%BB%B6%E9%A6%96%E4%BB%B6%E9%AA%8C%E8%AF%81.html","./%E8%A1%8C%E4%B8%9A%E6%A1%88%E4%BE%8B%E2%80%94%E8%88%AA%E5%A4%A9%E9%92%9B%E5%90%88%E9%87%91%E8%BF%9E%E6%8E%A5%E4%BB%B6%E9%A6%96%E4%BB%B6%E9%AA%8C%E8%AF%81.html","./EN/case-aerospace-titanium-connector-first-article.html","1",""
"zh-CN","行业案例—航天星载设备安装板小批加工.html","industry-case","星载设备安装板小批加工 | 敏捷智造","星载设备安装板小批加工案例，面向航天行业，关注安装基准 / 减重结构 / 多孔位装配，制造能力包括铝合金CNC、精密孔系、阳极氧化、尺寸报告。","./%E8%A1%8C%E4%B8%9A%E6%A1%88%E4%BE%8B%E2%80%94%E8%88%AA%E5%A4%A9%E6%98%9F%E8%BD%BD%E8%AE%BE%E5%A4%87%E5%AE%89%E8%A3%85%E6%9D%BF%E5%B0%8F%E6%89%B9%E5%8A%A0%E5%B7%A5.html","./%E8%A1%8C%E4%B8%9A%E6%A1%88%E4%BE%8B%E2%80%94%E8%88%AA%E5%A4%A9%E6%98%9F%E8%BD%BD%E8%AE%BE%E5%A4%87%E5%AE%89%E8%A3%85%E6%9D%BF%E5%B0%8F%E6%89%B9%E5%8A%A0%E5%B7%A5.html","./EN/case-aerospace-satellite-equipment-mounting-plate.html","1",""
"zh-CN","行业案例—机器人末端执行器安装座.html","industry-case","末端执行器安装座 | 敏捷智造","末端执行器安装座案例，面向机器人行业，关注运动结构 / 快换接口 / 重复定位，制造能力包括铝合金加工、硬质阳极、孔位检测、装配复核。","./%E8%A1%8C%E4%B8%9A%E6%A1%88%E4%BE%8B%E2%80%94%E6%9C%BA%E5%99%A8%E4%BA%BA%E6%9C%AB%E7%AB%AF%E6%89%A7%E8%A1%8C%E5%99%A8%E5%AE%89%E8%A3%85%E5%BA%A7.html","./%E8%A1%8C%E4%B8%9A%E6%A1%88%E4%BE%8B%E2%80%94%E6%9C%BA%E5%99%A8%E4%BA%BA%E6%9C%AB%E7%AB%AF%E6%89%A7%E8%A1%8C%E5%99%A8%E5%AE%89%E8%A3%85%E5%BA%A7.html","./EN/case-robotics-end-effector-mounting-base.html","1",""
"zh-CN","行业案例—机器人轻量化关节连接板.html","industry-case","轻量化关节连接板 | 敏捷智造","轻量化关节连接板案例，面向机器人行业，关注关节连接 / 减重结构 / 装配基准，制造能力包括五轴加工、铝合金、阳极氧化、平面度检测。","./%E8%A1%8C%E4%B8%9A%E6%A1%88%E4%BE%8B%E2%80%94%E6%9C%BA%E5%99%A8%E4%BA%BA%E8%BD%BB%E9%87%8F%E5%8C%96%E5%85%B3%E8%8A%82%E8%BF%9E%E6%8E%A5%E6%9D%BF.html","./%E8%A1%8C%E4%B8%9A%E6%A1%88%E4%BE%8B%E2%80%94%E6%9C%BA%E5%99%A8%E4%BA%BA%E8%BD%BB%E9%87%8F%E5%8C%96%E5%85%B3%E8%8A%82%E8%BF%9E%E6%8E%A5%E6%9D%BF.html","./EN/case-robotics-lightweight-joint-connection-plate.html","1",""
"zh-CN","行业案例—机器人自动化产线检测治具.html","industry-case","自动化产线检测治具 | 敏捷智造","自动化产线检测治具案例，面向机器人行业，关注定位检测 / 快换治具 / 产线辅助，制造能力包括CNC、工程塑料、装配校准、批次追溯。","./%E8%A1%8C%E4%B8%9A%E6%A1%88%E4%BE%8B%E2%80%94%E6%9C%BA%E5%99%A8%E4%BA%BA%E8%87%AA%E5%8A%A8%E5%8C%96%E4%BA%A7%E7%BA%BF%E6%A3%80%E6%B5%8B%E6%B2%BB%E5%85%B7.html","./%E8%A1%8C%E4%B8%9A%E6%A1%88%E4%BE%8B%E2%80%94%E6%9C%BA%E5%99%A8%E4%BA%BA%E8%87%AA%E5%8A%A8%E5%8C%96%E4%BA%A7%E7%BA%BF%E6%A3%80%E6%B5%8B%E6%B2%BB%E5%85%B7.html","./EN/case-robotics-automation-line-inspection-fixture.html","1",""
"zh-CN","行业案例—汽车测试夹具与小批试制件.html","industry-case","测试夹具与小批试制件 | 敏捷智造","测试夹具与小批试制件案例，面向汽车行业，关注装配验证 / 强度验证 / 试产准备，制造能力包括CNC、钣金、表面处理、装配校准。","./%E8%A1%8C%E4%B8%9A%E6%A1%88%E4%BE%8B%E2%80%94%E6%B1%BD%E8%BD%A6%E6%B5%8B%E8%AF%95%E5%A4%B9%E5%85%B7%E4%B8%8E%E5%B0%8F%E6%89%B9%E8%AF%95%E5%88%B6%E4%BB%B6.html","./%E8%A1%8C%E4%B8%9A%E6%A1%88%E4%BE%8B%E2%80%94%E6%B1%BD%E8%BD%A6%E6%B5%8B%E8%AF%95%E5%A4%B9%E5%85%B7%E4%B8%8E%E5%B0%8F%E6%89%B9%E8%AF%95%E5%88%B6%E4%BB%B6.html","./EN/case-automotive-test-fixture-low-volume-parts.html","1",""
"zh-CN","行业案例—汽车传感器安装座小批交付.html","industry-case","传感器安装座小批交付 | 敏捷智造","传感器安装座小批交付案例，面向汽车行业，关注传感器固定 / 接口定位 / 小批装车，制造能力包括CNC加工、发黑处理、孔位检测、小批交付。","./%E8%A1%8C%E4%B8%9A%E6%A1%88%E4%BE%8B%E2%80%94%E6%B1%BD%E8%BD%A6%E4%BC%A0%E6%84%9F%E5%99%A8%E5%AE%89%E8%A3%85%E5%BA%A7%E5%B0%8F%E6%89%B9%E4%BA%A4%E4%BB%98.html","./%E8%A1%8C%E4%B8%9A%E6%A1%88%E4%BE%8B%E2%80%94%E6%B1%BD%E8%BD%A6%E4%BC%A0%E6%84%9F%E5%99%A8%E5%AE%89%E8%A3%85%E5%BA%A7%E5%B0%8F%E6%89%B9%E4%BA%A4%E4%BB%98.html","./EN/case-automotive-sensor-mount-low-volume-delivery.html","1",""
"zh-CN","行业案例—汽车动力系统支架试制.html","industry-case","动力系统支架试制 | 敏捷智造","动力系统支架试制案例，面向汽车行业，关注承力支架 / 装配基准 / 强度验证，制造能力包括铝合金CNC、钣金焊接、表面处理、尺寸复核。","./%E8%A1%8C%E4%B8%9A%E6%A1%88%E4%BE%8B%E2%80%94%E6%B1%BD%E8%BD%A6%E5%8A%A8%E5%8A%9B%E7%B3%BB%E7%BB%9F%E6%94%AF%E6%9E%B6%E8%AF%95%E5%88%B6.html","./%E8%A1%8C%E4%B8%9A%E6%A1%88%E4%BE%8B%E2%80%94%E6%B1%BD%E8%BD%A6%E5%8A%A8%E5%8A%9B%E7%B3%BB%E7%BB%9F%E6%94%AF%E6%9E%B6%E8%AF%95%E5%88%B6.html","./EN/case-automotive-powertrain-bracket-prototype.html","1",""
"zh-CN","行业案例—通信户外设备安装支架.html","industry-case","户外设备安装支架 | 敏捷智造","户外设备安装支架案例，面向通信行业，关注户外承载 / 防腐蚀 / 快速安装，制造能力包括钣金、CNC、喷涂、耐候表面处理。","./%E8%A1%8C%E4%B8%9A%E6%A1%88%E4%BE%8B%E2%80%94%E9%80%9A%E4%BF%A1%E6%88%B7%E5%A4%96%E8%AE%BE%E5%A4%87%E5%AE%89%E8%A3%85%E6%94%AF%E6%9E%B6.html","./%E8%A1%8C%E4%B8%9A%E6%A1%88%E4%BE%8B%E2%80%94%E9%80%9A%E4%BF%A1%E6%88%B7%E5%A4%96%E8%AE%BE%E5%A4%87%E5%AE%89%E8%A3%85%E6%94%AF%E6%9E%B6.html","./EN/case-telecommunications-outdoor-equipment-mounting-bracket.html","1",""
"zh-CN","行业案例—通信模块外壳与连接件配套.html","industry-case","模块外壳与连接件配套 | 敏捷智造","模块外壳与连接件配套案例，面向通信行业，关注屏蔽 / 耐候 / 设备装配，制造能力包括铝合金加工、喷涂、电镀、密封面检测。","./%E8%A1%8C%E4%B8%9A%E6%A1%88%E4%BE%8B%E2%80%94%E9%80%9A%E4%BF%A1%E6%A8%A1%E5%9D%97%E5%A4%96%E5%A3%B3%E4%B8%8E%E8%BF%9E%E6%8E%A5%E4%BB%B6%E9%85%8D%E5%A5%97.html","./%E8%A1%8C%E4%B8%9A%E6%A1%88%E4%BE%8B%E2%80%94%E9%80%9A%E4%BF%A1%E6%A8%A1%E5%9D%97%E5%A4%96%E5%A3%B3%E4%B8%8E%E8%BF%9E%E6%8E%A5%E4%BB%B6%E9%85%8D%E5%A5%97.html","./EN/case-telecommunications-module-housing-connector-set.html","1",""
"zh-CN","行业案例—通信散热基板与端盖加工.html","industry-case","散热基板与端盖加工 | 敏捷智造","散热基板与端盖加工案例，面向通信行业，关注散热基板 / 端盖 / 密封装配，制造能力包括铝合金CNC、阳极氧化、平面度检测。","./%E8%A1%8C%E4%B8%9A%E6%A1%88%E4%BE%8B%E2%80%94%E9%80%9A%E4%BF%A1%E6%95%A3%E7%83%AD%E5%9F%BA%E6%9D%BF%E4%B8%8E%E7%AB%AF%E7%9B%96%E5%8A%A0%E5%B7%A5.html","./%E8%A1%8C%E4%B8%9A%E6%A1%88%E4%BE%8B%E2%80%94%E9%80%9A%E4%BF%A1%E6%95%A3%E7%83%AD%E5%9F%BA%E6%9D%BF%E4%B8%8E%E7%AB%AF%E7%9B%96%E5%8A%A0%E5%B7%A5.html","./EN/case-telecommunications-thermal-baseplate-end-cover.html","1",""
"zh-CN","行业案例—消费品外观样机与功能件试制.html","industry-case","外观样机与功能件并行试制 | 敏捷智造","外观样机与功能件并行试制案例，面向消费品行业，关注外观展示 / 装配验证 / 试制迭代，制造能力包括CNC、3D打印、喷涂、阳极、抛光。","./%E8%A1%8C%E4%B8%9A%E6%A1%88%E4%BE%8B%E2%80%94%E6%B6%88%E8%B4%B9%E5%93%81%E5%A4%96%E8%A7%82%E6%A0%B7%E6%9C%BA%E4%B8%8E%E5%8A%9F%E8%83%BD%E4%BB%B6%E8%AF%95%E5%88%B6.html","./%E8%A1%8C%E4%B8%9A%E6%A1%88%E4%BE%8B%E2%80%94%E6%B6%88%E8%B4%B9%E5%93%81%E5%A4%96%E8%A7%82%E6%A0%B7%E6%9C%BA%E4%B8%8E%E5%8A%9F%E8%83%BD%E4%BB%B6%E8%AF%95%E5%88%B6.html","./EN/case-consumer-products-appearance-prototype-functional-parts.html","1",""
"zh-CN","行业案例—消费品小家电内部支架小批试制.html","industry-case","小家电内部支架小批试制 | 敏捷智造","小家电内部支架小批试制案例，面向消费品行业，关注内部支架 / 装配固定 / 试产准备，制造能力包括钣金、CNC、注塑前验证、表面处理。","./%E8%A1%8C%E4%B8%9A%E6%A1%88%E4%BE%8B%E2%80%94%E6%B6%88%E8%B4%B9%E5%93%81%E5%B0%8F%E5%AE%B6%E7%94%B5%E5%86%85%E9%83%A8%E6%94%AF%E6%9E%B6%E5%B0%8F%E6%89%B9%E8%AF%95%E5%88%B6.html","./%E8%A1%8C%E4%B8%9A%E6%A1%88%E4%BE%8B%E2%80%94%E6%B6%88%E8%B4%B9%E5%93%81%E5%B0%8F%E5%AE%B6%E7%94%B5%E5%86%85%E9%83%A8%E6%94%AF%E6%9E%B6%E5%B0%8F%E6%89%B9%E8%AF%95%E5%88%B6.html","./EN/case-consumer-products-small-appliance-internal-bracket.html","1",""
"zh-CN","行业案例—消费品智能穿戴外壳样件.html","industry-case","智能穿戴外壳样件 | 敏捷智造","智能穿戴外壳样件案例，面向消费品行业，关注外观外壳 / 手感验证 / 小尺寸结构，制造能力包括CNC、喷砂阳极、抛光、喷涂。","./%E8%A1%8C%E4%B8%9A%E6%A1%88%E4%BE%8B%E2%80%94%E6%B6%88%E8%B4%B9%E5%93%81%E6%99%BA%E8%83%BD%E7%A9%BF%E6%88%B4%E5%A4%96%E5%A3%B3%E6%A0%B7%E4%BB%B6.html","./%E8%A1%8C%E4%B8%9A%E6%A1%88%E4%BE%8B%E2%80%94%E6%B6%88%E8%B4%B9%E5%93%81%E6%99%BA%E8%83%BD%E7%A9%BF%E6%88%B4%E5%A4%96%E5%A3%B3%E6%A0%B7%E4%BB%B6.html","./EN/case-consumer-products-smart-wearable-housing-prototype.html","1",""
"zh-CN","行业案例—新能源储能模块测试夹具.html","industry-case","储能模块测试夹具 | 敏捷智造","储能模块测试夹具案例，面向新能源行业，关注散热 / 绝缘 / 定位压紧，制造能力包括铝合金加工、工程塑料加工、表面处理、装配验证。","./%E8%A1%8C%E4%B8%9A%E6%A1%88%E4%BE%8B%E2%80%94%E6%96%B0%E8%83%BD%E6%BA%90%E5%82%A8%E8%83%BD%E6%A8%A1%E5%9D%97%E6%B5%8B%E8%AF%95%E5%A4%B9%E5%85%B7.html","./%E8%A1%8C%E4%B8%9A%E6%A1%88%E4%BE%8B%E2%80%94%E6%96%B0%E8%83%BD%E6%BA%90%E5%82%A8%E8%83%BD%E6%A8%A1%E5%9D%97%E6%B5%8B%E8%AF%95%E5%A4%B9%E5%85%B7.html","./EN/case-new-energy-storage-module-test-fixture.html","1",""
"zh-CN","行业案例—新能源电池包绝缘隔离件.html","industry-case","电池包绝缘隔离件 | 敏捷智造","电池包绝缘隔离件案例，面向新能源行业，关注绝缘隔离 / 定位支撑 / 小批验证，制造能力包括工程塑料加工、倒角控制、尺寸报告。","./%E8%A1%8C%E4%B8%9A%E6%A1%88%E4%BE%8B%E2%80%94%E6%96%B0%E8%83%BD%E6%BA%90%E7%94%B5%E6%B1%A0%E5%8C%85%E7%BB%9D%E7%BC%98%E9%9A%94%E7%A6%BB%E4%BB%B6.html","./%E8%A1%8C%E4%B8%9A%E6%A1%88%E4%BE%8B%E2%80%94%E6%96%B0%E8%83%BD%E6%BA%90%E7%94%B5%E6%B1%A0%E5%8C%85%E7%BB%9D%E7%BC%98%E9%9A%94%E7%A6%BB%E4%BB%B6.html","./EN/case-new-energy-battery-pack-insulation-spacer.html","1",""
"zh-CN","行业案例—新能源电驱控制器散热底板.html","industry-case","电驱控制器散热底板 | 敏捷智造","电驱控制器散热底板案例，面向新能源行业，关注散热底板 / 安装孔位 / 表面处理，制造能力包括铝合金CNC、平面度检测、阳极氧化。","./%E8%A1%8C%E4%B8%9A%E6%A1%88%E4%BE%8B%E2%80%94%E6%96%B0%E8%83%BD%E6%BA%90%E7%94%B5%E9%A9%B1%E6%8E%A7%E5%88%B6%E5%99%A8%E6%95%A3%E7%83%AD%E5%BA%95%E6%9D%BF.html","./%E8%A1%8C%E4%B8%9A%E6%A1%88%E4%BE%8B%E2%80%94%E6%96%B0%E8%83%BD%E6%BA%90%E7%94%B5%E9%A9%B1%E6%8E%A7%E5%88%B6%E5%99%A8%E6%95%A3%E7%83%AD%E5%BA%95%E6%9D%BF.html","./EN/case-new-energy-drive-controller-heat-sink-base.html","1",""
"zh-CN","行业案例—医疗器械实验仪器铝合金腔体加工.html","industry-case","实验仪器铝合金腔体加工 | 敏捷智造","实验仪器铝合金腔体加工案例，面向医疗器械行业，关注仪器腔体 / 密封面 / 装配接口，制造能力包括CNC腔体加工、喷砂阳极、密封面检测。","./%E8%A1%8C%E4%B8%9A%E6%A1%88%E4%BE%8B%E2%80%94%E5%8C%BB%E7%96%97%E5%99%A8%E6%A2%B0%E5%AE%9E%E9%AA%8C%E4%BB%AA%E5%99%A8%E9%93%9D%E5%90%88%E9%87%91%E8%85%94%E4%BD%93%E5%8A%A0%E5%B7%A5.html","./%E8%A1%8C%E4%B8%9A%E6%A1%88%E4%BE%8B%E2%80%94%E5%8C%BB%E7%96%97%E5%99%A8%E6%A2%B0%E5%AE%9E%E9%AA%8C%E4%BB%AA%E5%99%A8%E9%93%9D%E5%90%88%E9%87%91%E8%85%94%E4%BD%93%E5%8A%A0%E5%B7%A5.html","./EN/case-medical-device-lab-instrument-aluminum-housing.html","1",""
"zh-CN","行业案例—医疗器械研发样件与定位治具.html","industry-case","研发样件与定位治具试制 | 敏捷智造","研发样件与定位治具试制案例，面向医疗器械行业，关注设备部件 / 测试夹具 / 非植入结构件，制造能力包括CNC精密加工、工程塑料加工、不锈钢加工、尺寸报告。","./%E8%A1%8C%E4%B8%9A%E6%A1%88%E4%BE%8B%E2%80%94%E5%8C%BB%E7%96%97%E5%99%A8%E6%A2%B0%E7%A0%94%E5%8F%91%E6%A0%B7%E4%BB%B6%E4%B8%8E%E5%AE%9A%E4%BD%8D%E6%B2%BB%E5%85%B7.html","./%E8%A1%8C%E4%B8%9A%E6%A1%88%E4%BE%8B%E2%80%94%E5%8C%BB%E7%96%97%E5%99%A8%E6%A2%B0%E7%A0%94%E5%8F%91%E6%A0%B7%E4%BB%B6%E4%B8%8E%E5%AE%9A%E4%BD%8D%E6%B2%BB%E5%85%B7.html","./EN/case-medical-device-rd-prototype-positioning-fixture.html","1",""
"zh-CN","行业案例—医疗器械PEEK定位块与测试夹具.html","industry-case","PEEK定位块与测试夹具 | 敏捷智造","PEEK定位块与测试夹具案例，面向医疗器械行业，关注定位块 / 测试治具 / 工程塑料件，制造能力包括PEEK加工、倒角控制、装配测试、尺寸记录。","./%E8%A1%8C%E4%B8%9A%E6%A1%88%E4%BE%8B%E2%80%94%E5%8C%BB%E7%96%97%E5%99%A8%E6%A2%B0PEEK%E5%AE%9A%E4%BD%8D%E5%9D%97%E4%B8%8E%E6%B5%8B%E8%AF%95%E5%A4%B9%E5%85%B7.html","./%E8%A1%8C%E4%B8%9A%E6%A1%88%E4%BE%8B%E2%80%94%E5%8C%BB%E7%96%97%E5%99%A8%E6%A2%B0PEEK%E5%AE%9A%E4%BD%8D%E5%9D%97%E4%B8%8E%E6%B5%8B%E8%AF%95%E5%A4%B9%E5%85%B7.html","./EN/case-medical-device-peek-positioning-block-test-fixture.html","1",""
"zh-CN","行业中心—半导体子页面.html","marketing","半导体设备零件制造支持 | 敏捷智造","","./%E8%A1%8C%E4%B8%9A%E4%B8%AD%E5%BF%83%E2%80%94%E5%8D%8A%E5%AF%BC%E4%BD%93%E5%AD%90%E9%A1%B5%E9%9D%A2.html","./%E8%A1%8C%E4%B8%9A%E4%B8%AD%E5%BF%83%E2%80%94%E5%8D%8A%E5%AF%BC%E4%BD%93%E5%AD%90%E9%A1%B5%E9%9D%A2.html","./EN/industry-semiconductor.html","",""
"zh-CN","行业中心—电子子页面.html","marketing","电子设备结构件制造支持 | 敏捷智造","","./%E8%A1%8C%E4%B8%9A%E4%B8%AD%E5%BF%83%E2%80%94%E7%94%B5%E5%AD%90%E5%AD%90%E9%A1%B5%E9%9D%A2.html","./%E8%A1%8C%E4%B8%9A%E4%B8%AD%E5%BF%83%E2%80%94%E7%94%B5%E5%AD%90%E5%AD%90%E9%A1%B5%E9%9D%A2.html","./EN/industry-electronics.html","",""
"zh-CN","行业中心—航天子页面.html","marketing","航天精密制造方案 | 敏捷智造","","./%E8%A1%8C%E4%B8%9A%E4%B8%AD%E5%BF%83%E2%80%94%E8%88%AA%E5%A4%A9%E5%AD%90%E9%A1%B5%E9%9D%A2.html","./%E8%A1%8C%E4%B8%9A%E4%B8%AD%E5%BF%83%E2%80%94%E8%88%AA%E5%A4%A9%E5%AD%90%E9%A1%B5%E9%9D%A2.html","./EN/industry-aerospace.html","",""
"zh-CN","行业中心—机器人技术子页面.html","marketing","机器人技术零件制造支持 | 敏捷智造","","./%E8%A1%8C%E4%B8%9A%E4%B8%AD%E5%BF%83%E2%80%94%E6%9C%BA%E5%99%A8%E4%BA%BA%E6%8A%80%E6%9C%AF%E5%AD%90%E9%A1%B5%E9%9D%A2.html","./%E8%A1%8C%E4%B8%9A%E4%B8%AD%E5%BF%83%E2%80%94%E6%9C%BA%E5%99%A8%E4%BA%BA%E6%8A%80%E6%9C%AF%E5%AD%90%E9%A1%B5%E9%9D%A2.html","./EN/industry-robotics.html","",""
"zh-CN","行业中心—汽车制造子页面.html","marketing","汽车制造零件解决方案 | 敏捷智造","","./%E8%A1%8C%E4%B8%9A%E4%B8%AD%E5%BF%83%E2%80%94%E6%B1%BD%E8%BD%A6%E5%88%B6%E9%80%A0%E5%AD%90%E9%A1%B5%E9%9D%A2.html","./%E8%A1%8C%E4%B8%9A%E4%B8%AD%E5%BF%83%E2%80%94%E6%B1%BD%E8%BD%A6%E5%88%B6%E9%80%A0%E5%AD%90%E9%A1%B5%E9%9D%A2.html","./EN/industry-automotive.html","",""
"zh-CN","行业中心—通信子页面.html","marketing","通信设备零件制造支持 | 敏捷智造","","./%E8%A1%8C%E4%B8%9A%E4%B8%AD%E5%BF%83%E2%80%94%E9%80%9A%E4%BF%A1%E5%AD%90%E9%A1%B5%E9%9D%A2.html","./%E8%A1%8C%E4%B8%9A%E4%B8%AD%E5%BF%83%E2%80%94%E9%80%9A%E4%BF%A1%E5%AD%90%E9%A1%B5%E9%9D%A2.html","./EN/industry-telecommunications.html","",""
"zh-CN","行业中心—消费品子页面.html","marketing","消费品样件与结构件制造支持 | 敏捷智造","","./%E8%A1%8C%E4%B8%9A%E4%B8%AD%E5%BF%83%E2%80%94%E6%B6%88%E8%B4%B9%E5%93%81%E5%AD%90%E9%A1%B5%E9%9D%A2.html","./%E8%A1%8C%E4%B8%9A%E4%B8%AD%E5%BF%83%E2%80%94%E6%B6%88%E8%B4%B9%E5%93%81%E5%AD%90%E9%A1%B5%E9%9D%A2.html","./EN/industry-consumer-products.html","",""
"zh-CN","行业中心—新能源子页面.html","marketing","新能源设备零件制造方案 | 敏捷智造","","./%E8%A1%8C%E4%B8%9A%E4%B8%AD%E5%BF%83%E2%80%94%E6%96%B0%E8%83%BD%E6%BA%90%E5%AD%90%E9%A1%B5%E9%9D%A2.html","./%E8%A1%8C%E4%B8%9A%E4%B8%AD%E5%BF%83%E2%80%94%E6%96%B0%E8%83%BD%E6%BA%90%E5%AD%90%E9%A1%B5%E9%9D%A2.html","./EN/industry-new-energy.html","",""
"zh-CN","行业中心—行业部分.html","marketing","行业精密制造方案 | 敏捷智造","","./%E8%A1%8C%E4%B8%9A%E4%B8%AD%E5%BF%83%E2%80%94%E8%A1%8C%E4%B8%9A%E9%83%A8%E5%88%86.html","./%E8%A1%8C%E4%B8%9A%E4%B8%AD%E5%BF%83%E2%80%94%E8%A1%8C%E4%B8%9A%E9%83%A8%E5%88%86.html","./EN/industries.html","",""
"zh-CN","行业中心—医疗器械子页面.html","marketing","医疗器械精密制造方案 | 敏捷智造","","./%E8%A1%8C%E4%B8%9A%E4%B8%AD%E5%BF%83%E2%80%94%E5%8C%BB%E7%96%97%E5%99%A8%E6%A2%B0%E5%AD%90%E9%A1%B5%E9%9D%A2.html","./%E8%A1%8C%E4%B8%9A%E4%B8%AD%E5%BF%83%E2%80%94%E5%8C%BB%E7%96%97%E5%99%A8%E6%A2%B0%E5%AD%90%E9%A1%B5%E9%9D%A2.html","./EN/industry-medical-devices.html","",""
"zh-CN","营销页面.html","marketing","敏捷智造 | 在线精密制造与智能报价平台","敏捷智造提供在线精密制造、智能报价、CNC加工、3D打印、钣金加工、材料选择与表面处理服务，帮助工程和采购团队更快完成图纸评估、报价与交付协同。","./%E8%90%A5%E9%94%80%E9%A1%B5%E9%9D%A2.html","./%E8%90%A5%E9%94%80%E9%A1%B5%E9%9D%A2.html","./EN/index.html","1",""
"zh-CN","资源中心—帮助FAQ子页面.html","marketing","帮助FAQ | 敏捷智造","","./%E8%B5%84%E6%BA%90%E4%B8%AD%E5%BF%83%E2%80%94%E5%B8%AE%E5%8A%A9FAQ%E5%AD%90%E9%A1%B5%E9%9D%A2.html","./%E8%B5%84%E6%BA%90%E4%B8%AD%E5%BF%83%E2%80%94%E5%B8%AE%E5%8A%A9FAQ%E5%AD%90%E9%A1%B5%E9%9D%A2.html","./EN/resource-faq.html","",""
"zh-CN","资源中心—材料手册子页面.html","marketing","材料选择手册 | 敏捷智造","","./%E8%B5%84%E6%BA%90%E4%B8%AD%E5%BF%83%E2%80%94%E6%9D%90%E6%96%99%E6%89%8B%E5%86%8C%E5%AD%90%E9%A1%B5%E9%9D%A2.html","./%E8%B5%84%E6%BA%90%E4%B8%AD%E5%BF%83%E2%80%94%E6%9D%90%E6%96%99%E6%89%8B%E5%86%8C%E5%AD%90%E9%A1%B5%E9%9D%A2.html","./EN/resource-material-handbook.html","",""
"zh-CN","资源中心—工艺指南子页面.html","marketing","工艺指南 | 敏捷智造","","./%E8%B5%84%E6%BA%90%E4%B8%AD%E5%BF%83%E2%80%94%E5%B7%A5%E8%89%BA%E6%8C%87%E5%8D%97%E5%AD%90%E9%A1%B5%E9%9D%A2.html","./%E8%B5%84%E6%BA%90%E4%B8%AD%E5%BF%83%E2%80%94%E5%B7%A5%E8%89%BA%E6%8C%87%E5%8D%97%E5%AD%90%E9%A1%B5%E9%9D%A2.html","./EN/resource-process-guide.html","",""
"zh-CN","资源中心—设计规范子页面.html","marketing","设计规范与图纸准备 | 敏捷智造","","./%E8%B5%84%E6%BA%90%E4%B8%AD%E5%BF%83%E2%80%94%E8%AE%BE%E8%AE%A1%E8%A7%84%E8%8C%83%E5%AD%90%E9%A1%B5%E9%9D%A2.html","./%E8%B5%84%E6%BA%90%E4%B8%AD%E5%BF%83%E2%80%94%E8%AE%BE%E8%AE%A1%E8%A7%84%E8%8C%83%E5%AD%90%E9%A1%B5%E9%9D%A2.html","./EN/resource-design-guidelines.html","",""
"zh-CN","资源中心—资源部分.html","marketing","资源中心 | 敏捷智造","","./%E8%B5%84%E6%BA%90%E4%B8%AD%E5%BF%83%E2%80%94%E8%B5%84%E6%BA%90%E9%83%A8%E5%88%86.html","./%E8%B5%84%E6%BA%90%E4%B8%AD%E5%BF%83%E2%80%94%E8%B5%84%E6%BA%90%E9%83%A8%E5%88%86.html","./EN/resources.html","",""
"en","about-company.html","marketing","Company Profile | ProMakeHub","","","","","",""
"en","about-quality.html","marketing","Quality Assurance | ProMakeHub","","","","","",""
"en","about.html","marketing","About Us | ProMakeHub","","","","","",""
"en","capabilities-finishes.html","marketing","Surface Finishing Center | ProMakeHub","Surface Finishing from ProMakeHub: Select post-processing by appearance, corrosion protection, wear behavior, conductivity, marking and cleanability.","./capabilities-finishes.html","../../../../../../../%E8%83%BD%E5%8A%9B%E4%B8%AD%E5%BF%83%E2%80%94%E8%A1%A8%E9%9D%A2%E5%A4%84%E7%90%86%E9%83%A8%E5%88%86.html","./capabilities-finishes.html","1",""
"en","capabilities-materials.html","marketing","Materials Center | ProMakeHub","Materials from ProMakeHub: Select materials by strength, weight, corrosion resistance, conductivity, insulation, finishing needs and manufacturing route.","./capabilities-materials.html","../../../../../../../%E8%83%BD%E5%8A%9B%E4%B8%AD%E5%BF%83%E2%80%94%E6%9D%90%E6%96%99%E9%83%A8%E5%88%86.html","./capabilities-materials.html","1",""
"en","capabilities-processes.html","marketing","Manufacturing Processes | ProMakeHub","Manufacturing Processes from ProMakeHub: A variety of advanced processes to meet full-process manufacturing needs from prototype to mass production","./capabilities-processes.html","../../../../../../../%E8%83%BD%E5%8A%9B%E4%B8%AD%E5%BF%83%E2%80%94%E5%B7%A5%E8%89%BA%E9%83%A8%E5%88%86.html","./capabilities-processes.html","1",""
"en","capabilities-services.html","marketing","Manufacturing Services | ProMakeHub","Manufacturing Services from ProMakeHub: Coordinate process review, manufacturing execution, inspection documents and delivery for prototype and low-volume…","./capabilities-services.html","../../../../../../../%E8%83%BD%E5%8A%9B%E4%B8%AD%E5%BF%83%E2%80%94%E6%9C%8D%E5%8A%A1%E9%83%A8%E5%88%86.html","./capabilities-services.html","1",""
"en","capabilities.html","marketing","Capabilities Center | Processes, Services, Materials and Finishes | ProMakeHub","Explore ProMakeHub capabilities across manufacturing processes, services, materials and surface finishing to choose the right page for geometry, performance, quality and delivery requirements.","./capabilities.html","../../../../../../%E8%83%BD%E5%8A%9B%E4%B8%AD%E5%BF%83%E2%80%94%E8%83%BD%E5%8A%9B%E4%B8%AD%E5%BF%83%E9%83%A8%E5%88%86.html","./capabilities.html","1",""
"en","capability-cnc-machining.html","marketing","CNC Machining | ProMakeHub","CNC Machining from ProMakeHub: Multi-axis milling, turning and complex machining","./capability-cnc-machining.html","../../../../../../../%E8%83%BD%E5%8A%9B%E4%B8%AD%E5%BF%83%E2%80%94%E5%B7%A5%E8%89%BA%E9%83%A8%E5%88%86%E5%AD%90%E9%A1%B5%E9%9D%A2.html","./capability-cnc-machining.html","1",""
"en","capability-complex-parts.html","marketing","Complex Part Machining | ProMakeHub","Complex Part Machining from ProMakeHub: Integrated machining for irregular and complex geometry","./capability-complex-parts.html","../../../../../../%E8%83%BD%E5%8A%9B%E4%B8%AD%E5%BF%83%E2%80%94%E5%BC%82%E5%BD%A2%E9%9B%B6%E4%BB%B6%E5%8A%A0%E5%B7%A5%E5%AD%90%E9%A1%B5%E9%9D%A2.html","./capability-complex-parts.html","1",""
"en","capability-injection-molding.html","marketing","Injection Molding | ProMakeHub","Injection Molding from ProMakeHub: Repeatable molding for complex plastic parts","./capability-injection-molding.html","../../../../../../%E8%83%BD%E5%8A%9B%E4%B8%AD%E5%BF%83%E2%80%94%E6%B3%A8%E5%A1%91%E6%88%90%E5%9E%8B%E5%AD%90%E9%A1%B5%E9%9D%A2.html","./capability-injection-molding.html","1",""
"en","capability-laser-cutting.html","marketing","Laser Cutting | ProMakeHub","Laser Cutting from ProMakeHub: Fast and accurate sheet profile cutting","./capability-laser-cutting.html","../../../../../../../%E8%83%BD%E5%8A%9B%E4%B8%AD%E5%BF%83%E2%80%94%E6%BF%80%E5%85%89%E5%88%87%E5%89%B2%E5%AD%90%E9%A1%B5%E9%9D%A2.html","./capability-laser-cutting.html","1",""
"en","capability-materials.html","marketing","Aluminum Alloys | ProMakeHub","Aluminum Alloys from ProMakeHub: A common metal option balancing weight, strength, machinability and finishing compatibility.","./capability-materials.html","../../../../../../%E8%83%BD%E5%8A%9B%E4%B8%AD%E5%BF%83%E2%80%94%E6%9D%90%E6%96%99%E9%83%A8%E5%88%86%E5%AD%90%E9%A1%B5%E9%9D%A2.html","./capability-materials.html","1",""
"en","capability-medical-parts.html","marketing","Medical Part Machining | ProMakeHub","Medical Part Machining from ProMakeHub: High-cleanliness precision manufacturing for medical parts","./capability-medical-parts.html","../../../../../../%E8%83%BD%E5%8A%9B%E4%B8%AD%E5%BF%83%E2%80%94%E5%8C%BB%E7%96%97%E9%9B%B6%E4%BB%B6%E5%8A%A0%E5%B7%A5%E5%AD%90%E9%A1%B5%E9%9D%A2.html","./capability-medical-parts.html","1",""
"en","capability-metal-3d-printing.html","marketing","Metal 3D Printing | ProMakeHub","Metal 3D Printing from ProMakeHub: Additive manufacturing for complex metal structures","./capability-metal-3d-printing.html","../../../../../../../%E8%83%BD%E5%8A%9B%E4%B8%AD%E5%BF%83%E2%80%94%E9%87%91%E5%B1%9E3D%E6%89%93%E5%8D%B0%E5%AD%90%E9%A1%B5%E9%9D%A2.html","./capability-metal-3d-printing.html","1",""
"en","capability-micro-3d-printing.html","marketing","Micro 3D Printing | ProMakeHub","Micro 3D Printing from ProMakeHub: High-resolution additive manufacturing for micro features","./capability-micro-3d-printing.html","../../../../../../%E8%83%BD%E5%8A%9B%E4%B8%AD%E5%BF%83%E2%80%94%E5%BE%AE%E7%BA%B33D%E6%89%93%E5%8D%B0%E5%AD%90%E9%A1%B5%E9%9D%A2.html","./capability-micro-3d-printing.html","1",""
"en","capability-sheet-metal.html","marketing","Sheet Metal Fabrication | ProMakeHub","Sheet Metal Fabrication from ProMakeHub: Precision cutting, bending and structural fabrication","./capability-sheet-metal.html","../../../../../../../%E8%83%BD%E5%8A%9B%E4%B8%AD%E5%BF%83%E2%80%94%E8%96%84%E6%9D%BF%E5%8A%A0%E5%B7%A5%E5%AD%90%E9%A1%B5%E9%9D%A2.html","./capability-sheet-metal.html","1",""
"en","capability-surface-finishing.html","marketing","Anodizing | ProMakeHub","Anodizing from ProMakeHub: For aluminum cosmetic parts, structural parts and functional parts needing improved corrosion resistance.","./capability-surface-finishing.html","../../../../../../%E8%83%BD%E5%8A%9B%E4%B8%AD%E5%BF%83%E2%80%94%E8%A1%A8%E9%9D%A2%E5%A4%84%E7%90%86%E9%83%A8%E5%88%86%E5%AD%90%E9%A1%B5%E9%9D%A2.html","./capability-surface-finishing.html","1",""
"en","capability-urethane-casting.html","marketing","Urethane Casting | ProMakeHub","Urethane Casting from ProMakeHub: Low-volume elastomer and bridge production","./capability-urethane-casting.html","../../../../../../../%E8%83%BD%E5%8A%9B%E4%B8%AD%E5%BF%83%E2%80%94%E8%81%9A%E6%B0%A8%E9%85%AF%E9%93%B8%E9%80%A0%E5%AD%90%E9%A1%B5%E9%9D%A2.html","./capability-urethane-casting.html","1",""
"en","capability-waterjet-cutting.html","marketing","Waterjet Cutting | ProMakeHub","Waterjet Cutting from ProMakeHub: Cold cutting with low thermal impact","./capability-waterjet-cutting.html","../../../../../../%E8%83%BD%E5%8A%9B%E4%B8%AD%E5%BF%83%E2%80%94%E6%B0%B4%E5%88%80%E5%88%87%E5%89%B2%E5%AD%90%E9%A1%B5%E9%9D%A2.html","./capability-waterjet-cutting.html","1",""
"en","case-aerospace-lightweight-bracket-complex-cavity.html","industry-case","Lightweight Aerospace Bracket and Complex Cavity Machining | ProMakeHub","Lightweight Aerospace Bracket and Complex Cavity Machining case for Aerospace projects, covering lightweight bracket / complex cavity / structural weight reduction; manufacturing capabilities include multi-axis CNC machining, pocketing, tight-tolerance features, deburring and CMM inspection.","./case-aerospace-lightweight-bracket-complex-cavity.html","../../%E8%A1%8C%E4%B8%9A%E6%A1%88%E4%BE%8B%E2%80%94%E8%88%AA%E5%A4%A9%E8%BD%BB%E9%87%8F%E5%8C%96%E6%94%AF%E6%9E%B6%E4%B8%8E%E5%A4%8D%E6%9D%82%E8%85%94%E4%BD%93.html","./case-aerospace-lightweight-bracket-complex-cavity.html","1",""
"en","case-aerospace-satellite-equipment-mounting-plate.html","industry-case","Low-Volume Satellite Equipment Mounting Plate Machining | ProMakeHub","Low-Volume Satellite Equipment Mounting Plate Machining case for Aerospace projects, covering satellite equipment mounting / hole-position accuracy / batch traceability; manufacturing capabilities include CNC plate machining, flatness control, precision holes, CMM inspection and FAI records.","./case-aerospace-satellite-equipment-mounting-plate.html","../../%E8%A1%8C%E4%B8%9A%E6%A1%88%E4%BE%8B%E2%80%94%E8%88%AA%E5%A4%A9%E6%98%9F%E8%BD%BD%E8%AE%BE%E5%A4%87%E5%AE%89%E8%A3%85%E6%9D%BF%E5%B0%8F%E6%89%B9%E5%8A%A0%E5%B7%A5.html","./case-aerospace-satellite-equipment-mounting-plate.html","1",""
"en","case-aerospace-titanium-connector-first-article.html","industry-case","First Article Verification for an Aerospace Titanium Connector | ProMakeHub","First Article Verification for an Aerospace Titanium Connector case for Aerospace projects, covering high-strength connection / critical holes / batch traceability; manufacturing capabilities include titanium machining, heat-treatment coordination, CMM recheck and FAI documentation.","./case-aerospace-titanium-connector-first-article.html","../../%E8%A1%8C%E4%B8%9A%E6%A1%88%E4%BE%8B%E2%80%94%E8%88%AA%E5%A4%A9%E9%92%9B%E5%90%88%E9%87%91%E8%BF%9E%E6%8E%A5%E4%BB%B6%E9%A6%96%E4%BB%B6%E9%AA%8C%E8%AF%81.html","./case-aerospace-titanium-connector-first-article.html","1",""
"en","case-automotive-powertrain-bracket-prototype.html","industry-case","Prototype Powertrain Bracket for Automotive Development | ProMakeHub","Prototype Powertrain Bracket for Automotive Development case for Automotive projects, covering powertrain bracket / load path / assembly verification; manufacturing capabilities include CNC machining, aluminum or steel material matching, threaded holes and inspection reporting.","./case-automotive-powertrain-bracket-prototype.html","../../%E8%A1%8C%E4%B8%9A%E6%A1%88%E4%BE%8B%E2%80%94%E6%B1%BD%E8%BD%A6%E5%8A%A8%E5%8A%9B%E7%B3%BB%E7%BB%9F%E6%94%AF%E6%9E%B6%E8%AF%95%E5%88%B6.html","./case-automotive-powertrain-bracket-prototype.html","1",""
"en","case-automotive-sensor-mount-low-volume-delivery.html","industry-case","Low-Volume Sensor Mount Delivery for Automotive Testing | ProMakeHub","Low-Volume Sensor Mount Delivery for Automotive Testing case for Automotive projects, covering sensor mounting / position retention / test-vehicle assembly; manufacturing capabilities include CNC machining, threaded features, surface treatment and inspection records.","./case-automotive-sensor-mount-low-volume-delivery.html","../../%E8%A1%8C%E4%B8%9A%E6%A1%88%E4%BE%8B%E2%80%94%E6%B1%BD%E8%BD%A6%E4%BC%A0%E6%84%9F%E5%99%A8%E5%AE%89%E8%A3%85%E5%BA%A7%E5%B0%8F%E6%89%B9%E4%BA%A4%E4%BB%98.html","./case-automotive-sensor-mount-low-volume-delivery.html","1",""
"en","case-automotive-test-fixture-low-volume-parts.html","industry-case","Automotive Test Fixture and Low-Volume Trial Parts | ProMakeHub","Automotive Test Fixture and Low-Volume Trial Parts case for Automotive projects, covering test fixture / low-volume trial parts / functional verification; manufacturing capabilities include fixture machining, prototype parts, assembly check and inspection data.","./case-automotive-test-fixture-low-volume-parts.html","../../%E8%A1%8C%E4%B8%9A%E6%A1%88%E4%BE%8B%E2%80%94%E6%B1%BD%E8%BD%A6%E6%B5%8B%E8%AF%95%E5%A4%B9%E5%85%B7%E4%B8%8E%E5%B0%8F%E6%89%B9%E8%AF%95%E5%88%B6%E4%BB%B6.html","./case-automotive-test-fixture-low-volume-parts.html","1",""
"en","case-consumer-products-appearance-prototype-functional-parts.html","industry-case","Appearance Prototype and Functional Trial Parts for Consumer Products | ProMakeHub","Appearance Prototype and Functional Trial Parts for Consumer Products case for Consumer Products projects, covering appearance prototype / functional parts / design verification; manufacturing capabilities include CNC machining, 3D printing coordination, surface finishing and small-batch delivery.","./case-consumer-products-appearance-prototype-functional-parts.html","../../%E8%A1%8C%E4%B8%9A%E6%A1%88%E4%BE%8B%E2%80%94%E6%B6%88%E8%B4%B9%E5%93%81%E5%A4%96%E8%A7%82%E6%A0%B7%E6%9C%BA%E4%B8%8E%E5%8A%9F%E8%83%BD%E4%BB%B6%E8%AF%95%E5%88%B6.html","./case-consumer-products-appearance-prototype-functional-parts.html","1",""
"en","case-consumer-products-small-appliance-internal-bracket.html","industry-case","Low-Volume Internal Bracket Trial for a Small Appliance | ProMakeHub","Low-Volume Internal Bracket Trial for a Small Appliance case for Consumer Products projects, covering internal bracket / assembly support / small-batch trial; manufacturing capabilities include CNC machining or sheet metal processing, hole control, deburring and batch inspection.","./case-consumer-products-small-appliance-internal-bracket.html","../../%E8%A1%8C%E4%B8%9A%E6%A1%88%E4%BE%8B%E2%80%94%E6%B6%88%E8%B4%B9%E5%93%81%E5%B0%8F%E5%AE%B6%E7%94%B5%E5%86%85%E9%83%A8%E6%94%AF%E6%9E%B6%E5%B0%8F%E6%89%B9%E8%AF%95%E5%88%B6.html","./case-consumer-products-small-appliance-internal-bracket.html","1",""
"en","case-consumer-products-smart-wearable-housing-prototype.html","industry-case","Smart Wearable Housing Prototype for Consumer Product Development | ProMakeHub","Smart Wearable Housing Prototype for Consumer Product Development case for Consumer Products projects, covering wearable housing / appearance review / internal fit check; manufacturing capabilities include CNC machining, fine surface finishing, small features and appearance inspection.","./case-consumer-products-smart-wearable-housing-prototype.html","../../%E8%A1%8C%E4%B8%9A%E6%A1%88%E4%BE%8B%E2%80%94%E6%B6%88%E8%B4%B9%E5%93%81%E6%99%BA%E8%83%BD%E7%A9%BF%E6%88%B4%E5%A4%96%E5%A3%B3%E6%A0%B7%E4%BB%B6.html","./case-consumer-products-smart-wearable-housing-prototype.html","1",""
"en","case-electronics-aluminum-housing-thermal-structure.html","industry-case","Aluminum Housing and Thermal Structure for Electronics | ProMakeHub","Aluminum Housing and Thermal Structure for Electronics case for Electronics projects, covering aluminum housing / thermal structure / mounting interface; manufacturing capabilities include CNC housing machining, heat-dissipation features, anodizing coordination and CMM inspection.","./case-electronics-aluminum-housing-thermal-structure.html","../../%E8%A1%8C%E4%B8%9A%E6%A1%88%E4%BE%8B%E2%80%94%E7%94%B5%E5%AD%90%E9%93%9D%E5%90%88%E9%87%91%E5%A4%96%E5%A3%B3%E4%B8%8E%E6%95%A3%E7%83%AD%E7%BB%93%E6%9E%84.html","./case-electronics-aluminum-housing-thermal-structure.html","1",""
"en","case-electronics-copper-alloy-connector-low-volume.html","industry-case","Low-Volume Copper Alloy Connector Machining for Electronics | ProMakeHub","Low-Volume Copper Alloy Connector Machining for Electronics case for Electronics projects, covering copper alloy connector / electrical contact / batch consistency; manufacturing capabilities include copper alloy machining, burr control, plating coordination and dimensional inspection.","./case-electronics-copper-alloy-connector-low-volume.html","../../%E8%A1%8C%E4%B8%9A%E6%A1%88%E4%BE%8B%E2%80%94%E7%94%B5%E5%AD%90%E9%93%9C%E5%90%88%E9%87%91%E8%BF%9E%E6%8E%A5%E4%BB%B6%E5%B0%8F%E6%89%B9%E5%8A%A0%E5%B7%A5.html","./case-electronics-copper-alloy-connector-low-volume.html","1",""
"en","case-electronics-portable-device-internal-bracket.html","industry-case","Internal Bracket Prototype for a Portable Electronics Device | ProMakeHub","Internal Bracket Prototype for a Portable Electronics Device case for Electronics projects, covering internal support / device assembly / compact-space verification; manufacturing capabilities include CNC machining, sheet metal processing, small-hole control and inspection records.","./case-electronics-portable-device-internal-bracket.html","../../%E8%A1%8C%E4%B8%9A%E6%A1%88%E4%BE%8B%E2%80%94%E7%94%B5%E5%AD%90%E4%BE%BF%E6%90%BA%E8%AE%BE%E5%A4%87%E5%86%85%E9%83%A8%E6%94%AF%E6%9E%B6%E8%AF%95%E5%88%B6.html","./case-electronics-portable-device-internal-bracket.html","1",""
"en","case-medical-device-lab-instrument-aluminum-housing.html","industry-case","Aluminum Cavity Machining for a Medical Laboratory Instrument | ProMakeHub","Aluminum Cavity Machining for a Medical Laboratory Instrument case for Medical Devices projects, covering instrument cavity / sealing surface / internal mounting interface; manufacturing capabilities include CNC cavity machining, anodizing coordination, sealing surface control and CMM inspection.","./case-medical-device-lab-instrument-aluminum-housing.html","../../%E8%A1%8C%E4%B8%9A%E6%A1%88%E4%BE%8B%E2%80%94%E5%8C%BB%E7%96%97%E5%99%A8%E6%A2%B0%E5%AE%9E%E9%AA%8C%E4%BB%AA%E5%99%A8%E9%93%9D%E5%90%88%E9%87%91%E8%85%94%E4%BD%93%E5%8A%A0%E5%B7%A5.html","./case-medical-device-lab-instrument-aluminum-housing.html","1",""
"en","case-medical-device-peek-positioning-block-test-fixture.html","industry-case","PEEK Positioning Block and Test Fixture for Medical Device Verification | ProMakeHub","PEEK Positioning Block and Test Fixture for Medical Device Verification case for Medical Devices projects, covering positioning block / test fixture / engineering plastic part; manufacturing capabilities include PEEK machining, chamfer control, assembly testing and dimensional records.","./case-medical-device-peek-positioning-block-test-fixture.html","../../%E8%A1%8C%E4%B8%9A%E6%A1%88%E4%BE%8B%E2%80%94%E5%8C%BB%E7%96%97%E5%99%A8%E6%A2%B0PEEK%E5%AE%9A%E4%BD%8D%E5%9D%97%E4%B8%8E%E6%B5%8B%E8%AF%95%E5%A4%B9%E5%85%B7.html","./case-medical-device-peek-positioning-block-test-fixture.html","1",""
"en","case-medical-device-rd-prototype-positioning-fixture.html","industry-case","Medical Device R&amp;D Prototype and Positioning Fixture | ProMakeHub","Medical Device R&amp;D Prototype and Positioning Fixture case for Medical Devices projects, covering R&amp;D prototype / positioning fixture / low-volume verification; manufacturing capabilities include CNC machining, stainless steel and engineering plastic parts, drawing review and inspection data.","./case-medical-device-rd-prototype-positioning-fixture.html","../../%E8%A1%8C%E4%B8%9A%E6%A1%88%E4%BE%8B%E2%80%94%E5%8C%BB%E7%96%97%E5%99%A8%E6%A2%B0%E7%A0%94%E5%8F%91%E6%A0%B7%E4%BB%B6%E4%B8%8E%E5%AE%9A%E4%BD%8D%E6%B2%BB%E5%85%B7.html","./case-medical-device-rd-prototype-positioning-fixture.html","1",""
"en","case-new-energy-battery-pack-insulation-spacer.html","industry-case","Insulation Spacer Parts for a New Energy Battery Pack | ProMakeHub","Insulation Spacer Parts for a New Energy Battery Pack case for New Energy projects, covering battery pack insulation / spacing / assembly protection; manufacturing capabilities include engineering plastic machining, contour control, edge treatment and batch inspection.","./case-new-energy-battery-pack-insulation-spacer.html","../../%E8%A1%8C%E4%B8%9A%E6%A1%88%E4%BE%8B%E2%80%94%E6%96%B0%E8%83%BD%E6%BA%90%E7%94%B5%E6%B1%A0%E5%8C%85%E7%BB%9D%E7%BC%98%E9%9A%94%E7%A6%BB%E4%BB%B6.html","./case-new-energy-battery-pack-insulation-spacer.html","1",""
"en","case-new-energy-drive-controller-heat-sink-base.html","industry-case","Heat-Sink Base Plate for a New Energy Drive Controller | ProMakeHub","Heat-Sink Base Plate for a New Energy Drive Controller case for New Energy projects, covering controller heat dissipation / mounting surface / sealing interface; manufacturing capabilities include aluminum CNC machining, flatness control, surface treatment and CMM inspection.","./case-new-energy-drive-controller-heat-sink-base.html","../../%E8%A1%8C%E4%B8%9A%E6%A1%88%E4%BE%8B%E2%80%94%E6%96%B0%E8%83%BD%E6%BA%90%E7%94%B5%E9%A9%B1%E6%8E%A7%E5%88%B6%E5%99%A8%E6%95%A3%E7%83%AD%E5%BA%95%E6%9D%BF.html","./case-new-energy-drive-controller-heat-sink-base.html","1",""
"en","case-new-energy-storage-module-test-fixture.html","industry-case","Test Fixture for a New Energy Storage Module | ProMakeHub","Test Fixture for a New Energy Storage Module case for New Energy projects, covering module testing / positioning / repeated loading; manufacturing capabilities include fixture machining, insulating material parts, aluminum structural parts and dimensional inspection.","./case-new-energy-storage-module-test-fixture.html","../../%E8%A1%8C%E4%B8%9A%E6%A1%88%E4%BE%8B%E2%80%94%E6%96%B0%E8%83%BD%E6%BA%90%E5%82%A8%E8%83%BD%E6%A8%A1%E5%9D%97%E6%B5%8B%E8%AF%95%E5%A4%B9%E5%85%B7.html","./case-new-energy-storage-module-test-fixture.html","1",""
"en","case-robotics-automation-line-inspection-fixture.html","industry-case","Inspection Fixture for a Robotics Automation Line | ProMakeHub","Inspection Fixture for a Robotics Automation Line case for Robotics projects, covering line inspection / positioning fixture / repeated measurement; manufacturing capabilities include fixture machining, assembly checking, dimensional inspection and documentation.","./case-robotics-automation-line-inspection-fixture.html","../../%E8%A1%8C%E4%B8%9A%E6%A1%88%E4%BE%8B%E2%80%94%E6%9C%BA%E5%99%A8%E4%BA%BA%E8%87%AA%E5%8A%A8%E5%8C%96%E4%BA%A7%E7%BA%BF%E6%A3%80%E6%B5%8B%E6%B2%BB%E5%85%B7.html","./case-robotics-automation-line-inspection-fixture.html","1",""
"en","case-robotics-end-effector-mounting-base.html","industry-case","End-Effector Mounting Base for a Robotics Project | ProMakeHub","End-Effector Mounting Base for a Robotics Project case for Robotics projects, covering end-effector mounting / positioning / repeat operation; manufacturing capabilities include CNC machining, precision hole control, lightweight structure and assembly inspection.","./case-robotics-end-effector-mounting-base.html","../../%E8%A1%8C%E4%B8%9A%E6%A1%88%E4%BE%8B%E2%80%94%E6%9C%BA%E5%99%A8%E4%BA%BA%E6%9C%AB%E7%AB%AF%E6%89%A7%E8%A1%8C%E5%99%A8%E5%AE%89%E8%A3%85%E5%BA%A7.html","./case-robotics-end-effector-mounting-base.html","1",""
"en","case-robotics-lightweight-joint-connection-plate.html","industry-case","Lightweight Joint Connection Plate for Robotics | ProMakeHub","Lightweight Joint Connection Plate for Robotics case for Robotics projects, covering joint connection / weight reduction / hole-position accuracy; manufacturing capabilities include aluminum CNC machining, pocketing, precision holes, deburring and inspection reporting.","./case-robotics-lightweight-joint-connection-plate.html","../../%E8%A1%8C%E4%B8%9A%E6%A1%88%E4%BE%8B%E2%80%94%E6%9C%BA%E5%99%A8%E4%BA%BA%E8%BD%BB%E9%87%8F%E5%8C%96%E5%85%B3%E8%8A%82%E8%BF%9E%E6%8E%A5%E6%9D%BF.html","./case-robotics-lightweight-joint-connection-plate.html","1",""
"en","case-semiconductor-clean-packaging-precision-spares.html","industry-case","Precision Semiconductor Spare Parts with Clean Packaging | ProMakeHub","Precision Semiconductor Spare Parts with Clean Packaging case for Semiconductor projects, covering precision spare parts / clean packaging / batch traceability; manufacturing capabilities include precision CNC machining, surface protection, clean packaging and inspection records.","./case-semiconductor-clean-packaging-precision-spares.html","../../%E8%A1%8C%E4%B8%9A%E6%A1%88%E4%BE%8B%E2%80%94%E5%8D%8A%E5%AF%BC%E4%BD%93%E6%B4%81%E5%87%80%E5%8C%85%E8%A3%85%E7%B2%BE%E5%AF%86%E5%A4%87%E4%BB%B6.html","./case-semiconductor-clean-packaging-precision-spares.html","1",""
"en","case-semiconductor-equipment-chamber-structural-parts.html","industry-case","Peripheral Structural Parts for Semiconductor Equipment Chambers | ProMakeHub","Peripheral Structural Parts for Semiconductor Equipment Chambers case for Semiconductor projects, covering chamber peripheral structure / sealing interface / flatness control; manufacturing capabilities include CNC machining, large-surface control, deburring, surface treatment coordination and CMM inspection.","./case-semiconductor-equipment-chamber-structural-parts.html","../../%E8%A1%8C%E4%B8%9A%E6%A1%88%E4%BE%8B%E2%80%94%E5%8D%8A%E5%AF%BC%E4%BD%93%E8%AE%BE%E5%A4%87%E8%85%94%E4%BD%93%E5%91%A8%E8%BE%B9%E7%BB%93%E6%9E%84%E4%BB%B6.html","./case-semiconductor-equipment-chamber-structural-parts.html","1",""
"en","case-semiconductor-equipment-positioning-fixture-low-volume.html","industry-case","Low-Volume Positioning Fixture Machining for Semiconductor Equipment | ProMakeHub","Low-Volume Positioning Fixture Machining for Semiconductor Equipment case for Semiconductor projects, covering equipment positioning / assembly fixture / repeated clamping; manufacturing capabilities include fixture machining, precision holes, flatness control and inspection reporting.","./case-semiconductor-equipment-positioning-fixture-low-volume.html","../../%E8%A1%8C%E4%B8%9A%E6%A1%88%E4%BE%8B%E2%80%94%E5%8D%8A%E5%AF%BC%E4%BD%93%E8%AE%BE%E5%A4%87%E5%AE%9A%E4%BD%8D%E5%A4%B9%E5%85%B7%E5%B0%8F%E6%89%B9%E9%87%8F%E5%8A%A0%E5%B7%A5.html","./case-semiconductor-equipment-positioning-fixture-low-volume.html","1",""
"en","case-telecommunications-module-housing-connector-set.html","industry-case","Module Housing and Connector Set for Telecommunications Equipment | ProMakeHub","Module Housing and Connector Set for Telecommunications Equipment case for Telecommunications projects, covering module housing / connector support / assembly fit; manufacturing capabilities include CNC housing machining, connector features, surface treatment coordination and inspection reporting.","./case-telecommunications-module-housing-connector-set.html","../../%E8%A1%8C%E4%B8%9A%E6%A1%88%E4%BE%8B%E2%80%94%E9%80%9A%E4%BF%A1%E6%A8%A1%E5%9D%97%E5%A4%96%E5%A3%B3%E4%B8%8E%E8%BF%9E%E6%8E%A5%E4%BB%B6%E9%85%8D%E5%A5%97.html","./case-telecommunications-module-housing-connector-set.html","1",""
"en","case-telecommunications-outdoor-equipment-mounting-bracket.html","industry-case","Outdoor Equipment Mounting Bracket for Telecommunications | ProMakeHub","Outdoor Equipment Mounting Bracket for Telecommunications case for Telecommunications projects, covering outdoor mounting / structural support / corrosion resistance; manufacturing capabilities include sheet metal processing or CNC machining, surface treatment, threaded features and batch inspection.","./case-telecommunications-outdoor-equipment-mounting-bracket.html","../../%E8%A1%8C%E4%B8%9A%E6%A1%88%E4%BE%8B%E2%80%94%E9%80%9A%E4%BF%A1%E6%88%B7%E5%A4%96%E8%AE%BE%E5%A4%87%E5%AE%89%E8%A3%85%E6%94%AF%E6%9E%B6.html","./case-telecommunications-outdoor-equipment-mounting-bracket.html","1",""
"en","case-telecommunications-thermal-baseplate-end-cover.html","industry-case","Thermal Baseplate and End Cover Machining for Telecommunications | ProMakeHub","Thermal Baseplate and End Cover Machining for Telecommunications case for Telecommunications projects, covering thermal baseplate / end cover / module assembly; manufacturing capabilities include aluminum CNC machining, flatness control, surface finishing and dimensional inspection.","./case-telecommunications-thermal-baseplate-end-cover.html","../../%E8%A1%8C%E4%B8%9A%E6%A1%88%E4%BE%8B%E2%80%94%E9%80%9A%E4%BF%A1%E6%95%A3%E7%83%AD%E5%9F%BA%E6%9D%BF%E4%B8%8E%E7%AB%AF%E7%9B%96%E5%8A%A0%E5%B7%A5.html","./case-telecommunications-thermal-baseplate-end-cover.html","1",""
"en","finish-anodizing.html","marketing","Anodizing | ProMakeHub","Anodizing from ProMakeHub: For aluminum cosmetic parts, structural parts and functional parts needing improved corrosion resistance.","./finish-anodizing.html","../../../../../../../%E8%83%BD%E5%8A%9B%E4%B8%AD%E5%BF%83%E2%80%94%E9%98%B3%E6%9E%81%E6%B0%A7%E5%8C%96%E8%A1%A8%E9%9D%A2%E5%A4%84%E7%90%86%E5%AD%90%E9%A1%B5%E9%9D%A2.html","./finish-anodizing.html","1",""
"en","finish-black-oxide.html","marketing","Black Oxide | ProMakeHub","Black Oxide from ProMakeHub: For low-build black appearance and basic rust protection on steel parts.","./finish-black-oxide.html","../../../../../../../%E8%83%BD%E5%8A%9B%E4%B8%AD%E5%BF%83%E2%80%94%E5%8F%91%E9%BB%91%E5%A4%84%E7%90%86%E8%A1%A8%E9%9D%A2%E5%A4%84%E7%90%86%E5%AD%90%E9%A1%B5%E9%9D%A2.html","./finish-black-oxide.html","1",""
"en","finish-electroplating.html","marketing","Electroplating | ProMakeHub","Electroplating from ProMakeHub: For protective, decorative, conductive and wear-related enhancement on metal parts.","./finish-electroplating.html","../../../../../../../%E8%83%BD%E5%8A%9B%E4%B8%AD%E5%BF%83%E2%80%94%E7%94%B5%E9%95%80%E8%A1%A8%E9%9D%A2%E5%A4%84%E7%90%86%E5%AD%90%E9%A1%B5%E9%9D%A2.html","./finish-electroplating.html","1",""
"en","finish-heat-treatment.html","marketing","Heat Treatment | ProMakeHub","Heat Treatment from ProMakeHub: For metal parts with clear load, wear, transmission or dimensional stability requirements.","./finish-heat-treatment.html","../../../../../../%E8%83%BD%E5%8A%9B%E4%B8%AD%E5%BF%83%E2%80%94%E7%83%AD%E5%A4%84%E7%90%86%E8%A1%A8%E9%9D%A2%E5%A4%84%E7%90%86%E5%AD%90%E9%A1%B5%E9%9D%A2.html","./finish-heat-treatment.html","1",""
"en","finish-laser-marking.html","marketing","Laser Marking | ProMakeHub","Laser Marking from ProMakeHub: For parts requiring identification, traceability, assembly direction or branding.","./finish-laser-marking.html","../../../../../../../%E8%83%BD%E5%8A%9B%E4%B8%AD%E5%BF%83%E2%80%94%E6%BF%80%E5%85%89%E6%89%93%E6%A0%87%E8%A1%A8%E9%9D%A2%E5%A4%84%E7%90%86%E5%AD%90%E9%A1%B5%E9%9D%A2.html","./finish-laser-marking.html","1",""
"en","finish-painting.html","marketing","Painting | ProMakeHub","Painting from ProMakeHub: For parts requiring color, texture and local protection.","./finish-painting.html","../../../../../../%E8%83%BD%E5%8A%9B%E4%B8%AD%E5%BF%83%E2%80%94%E5%96%B7%E6%B6%82%E8%A1%A8%E9%9D%A2%E5%A4%84%E7%90%86%E5%AD%90%E9%A1%B5%E9%9D%A2.html","./finish-painting.html","1",""
"en","finish-passivation.html","marketing","Passivation | ProMakeHub","Passivation from ProMakeHub: For stabilizing stainless steel surfaces used in clean, wet or mildly corrosive environments.","./finish-passivation.html","../../../../../../../%E8%83%BD%E5%8A%9B%E4%B8%AD%E5%BF%83%E2%80%94%E9%92%9D%E5%8C%96%E5%A4%84%E7%90%86%E8%A1%A8%E9%9D%A2%E5%A4%84%E7%90%86%E5%AD%90%E9%A1%B5%E9%9D%A2.html","./finish-passivation.html","1",""
"en","finish-polishing.html","marketing","Polishing | ProMakeHub","Polishing from ProMakeHub: For parts needing surface smoothness, touch quality or sealing contact.","./finish-polishing.html","../../../../../../%E8%83%BD%E5%8A%9B%E4%B8%AD%E5%BF%83%E2%80%94%E6%8A%9B%E5%85%89%E8%A1%A8%E9%9D%A2%E5%A4%84%E7%90%86%E5%AD%90%E9%A1%B5%E9%9D%A2.html","./finish-polishing.html","1",""
"en","finish-powder-coating.html","marketing","Powder Coating | ProMakeHub","Powder Coating from ProMakeHub: A durable coating route for batch sheet-metal and cosmetic structural parts.","./finish-powder-coating.html","../../../../../../../%E8%83%BD%E5%8A%9B%E4%B8%AD%E5%BF%83%E2%80%94%E7%B2%89%E6%9C%AB%E5%96%B7%E6%B6%82%E8%A1%A8%E9%9D%A2%E5%A4%84%E7%90%86%E5%AD%90%E9%A1%B5%E9%9D%A2.html","./finish-powder-coating.html","1",""
"en","index.html","marketing","ProMakeHub | Online Precision Manufacturing and Quoting","ProMakeHub provides online precision manufacturing, instant quoting, CNC machining, 3D printing, sheet metal fabrication, material selection and finishing support for engineering and procurement teams.","./index.html","../%E8%90%A5%E9%94%80%E9%A1%B5%E9%9D%A2.html","./index.html","1",""
"en","industries.html","marketing","Industries | ProMakeHub","","","","","",""
"en","industry-aerospace.html","marketing","Aerospace Manufacturing | ProMakeHub","","","","","",""
"en","industry-automotive.html","marketing","Automotive Manufacturing | ProMakeHub","","","","","",""
"en","industry-consumer-products.html","marketing","Consumer Product Prototype and Structural Parts Manufacturing | ProMakeHub","","","","","",""
"en","industry-electronics.html","marketing","Electronics Enclosure and Structural Parts Manufacturing | ProMakeHub","","","","","",""
"en","industry-medical-devices.html","marketing","Medical Device Manufacturing | ProMakeHub","","","","","",""
"en","industry-new-energy.html","marketing","New Energy Manufacturing | ProMakeHub","","","","","",""
"en","industry-robotics.html","marketing","Robotics Parts Manufacturing Support | ProMakeHub","","","","","",""
"en","industry-semiconductor.html","marketing","Semiconductor Equipment Parts Manufacturing | ProMakeHub","","","","","",""
"en","industry-telecommunications.html","marketing","Telecommunications Equipment Parts Manufacturing | ProMakeHub","","","","","",""
"en","material-aluminum-alloys.html","marketing","Aluminum Alloys | ProMakeHub","Aluminum Alloys from ProMakeHub: A common metal option balancing weight, strength, machinability and finishing compatibility.","./material-aluminum-alloys.html","../../../../../../../%E8%83%BD%E5%8A%9B%E4%B8%AD%E5%BF%83%E2%80%94%E9%93%9D%E5%90%88%E9%87%91%E6%9D%90%E6%96%99%E5%AD%90%E9%A1%B5%E9%9D%A2.html","./material-aluminum-alloys.html","1",""
"en","material-carbon-steel.html","marketing","Carbon Steel | ProMakeHub","Carbon Steel from ProMakeHub: A structural material for strength, rigidity, cost control and heat treatment.","./material-carbon-steel.html","../../../../../../%E8%83%BD%E5%8A%9B%E4%B8%AD%E5%BF%83%E2%80%94%E7%A2%B3%E9%92%A2%E6%9D%90%E6%96%99%E5%AD%90%E9%A1%B5%E9%9D%A2.html","./material-carbon-steel.html","1",""
"en","material-composites.html","marketing","Composites | ProMakeHub","Composites from ProMakeHub: Anisotropic materials selected by layup direction, resin system and machining limits.","./material-composites.html","../../../../../../../%E8%83%BD%E5%8A%9B%E4%B8%AD%E5%BF%83%E2%80%94%E5%A4%8D%E5%90%88%E6%9D%90%E6%96%99%E6%9D%90%E6%96%99%E5%AD%90%E9%A1%B5%E9%9D%A2.html","./material-composites.html","1",""
"en","material-copper-alloys.html","marketing","Copper Alloys | ProMakeHub","Copper Alloys from ProMakeHub: A material family for conductivity, heat transfer, wear behavior and sliding contact.","./material-copper-alloys.html","../../../../../../%E8%83%BD%E5%8A%9B%E4%B8%AD%E5%BF%83%E2%80%94%E9%93%9C%E5%90%88%E9%87%91%E6%9D%90%E6%96%99%E5%AD%90%E9%A1%B5%E9%9D%A2.html","./material-copper-alloys.html","1",""
"en","material-engineering-plastics.html","marketing","Engineering Plastics | ProMakeHub","Engineering Plastics from ProMakeHub: Non-metal materials for lightweight, insulation, low friction, chemical resistance or appearance prototypes.","./material-engineering-plastics.html","../../../../../../../%E8%83%BD%E5%8A%9B%E4%B8%AD%E5%BF%83%E2%80%94%E5%B7%A5%E7%A8%8B%E5%A1%91%E6%96%99%E6%9D%90%E6%96%99%E5%AD%90%E9%A1%B5%E9%9D%A2.html","./material-engineering-plastics.html","1",""
"en","material-stainless-steel.html","marketing","Stainless Steel | ProMakeHub","Stainless Steel from ProMakeHub: A metal choice for corrosion resistance, cleanability and stable structures.","./material-stainless-steel.html","../../../../../../../%E8%83%BD%E5%8A%9B%E4%B8%AD%E5%BF%83%E2%80%94%E4%B8%8D%E9%94%88%E9%92%A2%E6%9D%90%E6%96%99%E5%AD%90%E9%A1%B5%E9%9D%A2.html","./material-stainless-steel.html","1",""
"en","material-titanium-alloys.html","marketing","Titanium Alloys | ProMakeHub","Titanium Alloys from ProMakeHub: A precision material for high specific strength, corrosion resistance and biocompatibility evaluation.","./material-titanium-alloys.html","../../../../../../%E8%83%BD%E5%8A%9B%E4%B8%AD%E5%BF%83%E2%80%94%E9%92%9B%E5%90%88%E9%87%91%E6%9D%90%E6%96%99%E5%AD%90%E9%A1%B5%E9%9D%A2.html","./material-titanium-alloys.html","1",""
"en","privacy-policy.html","marketing","Privacy Policy | ProMakeHub","","","","","",""
"en","resource-design-guidelines.html","marketing","Design Guidelines | ProMakeHub","","","","","",""
"en","resource-faq.html","marketing","Help &amp; FAQ | ProMakeHub","","","","","",""
"en","resource-material-handbook.html","marketing","Materials Selection Handbook | ProMakeHub","","","","","",""
"en","resource-process-guide.html","marketing","Manufacturing Process Guide | ProMakeHub","","","","","",""
"en","resources.html","marketing","Resources | ProMakeHub","","","","","",""
"en","service-3d-printing.html","marketing","3D Printing Service | ProMakeHub","3D Printing Service from ProMakeHub: Additive manufacturing for rapid validation, complex geometry and low-volume parts","./service-3d-printing.html","../../../../../../../%E8%83%BD%E5%8A%9B%E4%B8%AD%E5%BF%83%E2%80%943D%E6%89%93%E5%8D%B0%E6%9C%8D%E5%8A%A1%E5%AD%90%E9%A1%B5%E9%9D%A2.html","./service-3d-printing.html","1",""
"en","service-cnc-machining.html","marketing","CNC Machining Service | ProMakeHub","CNC Machining Service from ProMakeHub: Precision machining service for prototypes, low-volume parts and functional components","./service-cnc-machining.html","../../../../../../%E8%83%BD%E5%8A%9B%E4%B8%AD%E5%BF%83%E2%80%94CNC%E5%8A%A0%E5%B7%A5%E6%9C%8D%E5%8A%A1%E5%AD%90%E9%A1%B5%E9%9D%A2.html","./service-cnc-machining.html","1",""
"en","service-custom-manufacturing.html","marketing","Custom Manufacturing Service | ProMakeHub","Custom Manufacturing Service from ProMakeHub: Integrated manufacturing coordination for multi-process, multi-part projects","./service-custom-manufacturing.html","../../../../../../../%E8%83%BD%E5%8A%9B%E4%B8%AD%E5%BF%83%E2%80%94%E5%AE%9A%E5%88%B6%E5%8A%A0%E5%B7%A5%E6%9C%8D%E5%8A%A1%E5%AD%90%E9%A1%B5%E9%9D%A2.html","./service-custom-manufacturing.html","1",""
"en","service-metal-casting.html","marketing","Metal Casting Service | ProMakeHub","Metal Casting Service from ProMakeHub: Casting service for complex metal blanks and production structures","./service-metal-casting.html","../../../../../../../%E8%83%BD%E5%8A%9B%E4%B8%AD%E5%BF%83%E2%80%94%E9%87%91%E5%B1%9E%E9%93%B8%E9%80%A0%E6%9C%8D%E5%8A%A1%E5%AD%90%E9%A1%B5%E9%9D%A2.html","./service-metal-casting.html","1",""
"en","service-metal-forging.html","marketing","Metal Forging Service | ProMakeHub","Metal Forging Service from ProMakeHub: Forging service for load-bearing and high-strength metal parts","./service-metal-forging.html","../../../../../../../%E8%83%BD%E5%8A%9B%E4%B8%AD%E5%BF%83%E2%80%94%E9%87%91%E5%B1%9E%E9%94%BB%E9%80%A0%E6%9C%8D%E5%8A%A1%E5%AD%90%E9%A1%B5%E9%9D%A2.html","./service-metal-forging.html","1",""
"en","service-metal-stamping.html","marketing","Metal Stamping Service | ProMakeHub","Metal Stamping Service from ProMakeHub: Metal stamping service for volume forming of sheet parts","./service-metal-stamping.html","../../../../../../../%E8%83%BD%E5%8A%9B%E4%B8%AD%E5%BF%83%E2%80%94%E9%87%91%E5%B1%9E%E5%86%B2%E5%8E%8B%E6%9C%8D%E5%8A%A1%E5%AD%90%E9%A1%B5%E9%9D%A2.html","./service-metal-stamping.html","1",""
"en","service-molding.html","marketing","Molding Service | ProMakeHub","Molding Service from ProMakeHub: From DFM and tool trial to molded plastic part delivery","./service-molding.html","../../../../../../%E8%83%BD%E5%8A%9B%E4%B8%AD%E5%BF%83%E2%80%94%E6%A8%A1%E5%85%B7%E6%88%90%E5%9E%8B%E6%9C%8D%E5%8A%A1%E5%AD%90%E9%A1%B5%E9%9D%A2.html","./service-molding.html","1",""
"en","service-rapid-prototypes.html","marketing","Rapid Prototype Service | ProMakeHub","Rapid Prototype Service from ProMakeHub: Move designs quickly from model to physical validation","./service-rapid-prototypes.html","../../../../../../../%E8%83%BD%E5%8A%9B%E4%B8%AD%E5%BF%83%E2%80%94%E5%BF%AB%E9%80%9F%E6%89%8B%E6%9D%BF%E6%A8%A1%E5%9E%8B%E6%9C%8D%E5%8A%A1%E5%AD%90%E9%A1%B5%E9%9D%A2.html","./service-rapid-prototypes.html","1",""
"en","solution-3d-to-2d-drawing.html","marketing","3D to 2D Engineering Drawing | ProMakeHub","","","","","",""
"en","solution-bubble-annotation.html","marketing","2D Bubble Drawing Annotation | ProMakeHub","","","","","",""
"en","solution-dfm.html","marketing","DFM Manufacturability Check | ProMakeHub","","","","","",""
"en","solution-format-conversion.html","marketing","3D Format Conversion | ProMakeHub","","","","","",""
"en","solution-image-to-3d.html","marketing","Image-to-3D Model | ProMakeHub","","","","","",""
"en","solution-instant-quoting.html","marketing","AI Quoting | ProMakeHub","","","","","",""
"en","solution-quick-quote.html","marketing","Quick Quote | ProMakeHub","","","","","",""
"en","solution-rapid-prototyping.html","marketing","Rapid Prototyping | ProMakeHub","","","","","",""
"en","solution-text-to-3d.html","marketing","Text-to-3D Model | ProMakeHub","","","","","",""
"en","solutions.html","marketing","Solutions Center | ProMakeHub","","","","","",""
"en","terms-of-service.html","marketing","Terms of Service | ProMakeHub","","","","","",""
